warehouseId,skuId,unlimitedQuantity,dateUtcOnBalanceSystem,quantity
warehouse1,91,false,,72
warehouse1,48,false,,5
warehouse1,117,false,,3
warehouse1,188,false,,49
warehouse1,8,false,,286
warehouse1,271,false,,19
warehouse1,289,false,,96
warehouse1,232,false,,176
warehouse1,287,false,,159
warehouse1,283,false,,1
warehouse1,52,false,,54
warehouse1,160,false,,43
warehouse1,101,false,,169
warehouse1,346,false,,143
warehouse1,309,false,,114
warehouse1,187,false,,74
warehouse1,4,false,,95
warehouse1,321,false,,135
warehouse1,368,false,,131
warehouse1,92,false,,160
warehouse1,344,false,,13
warehouse1,342,false,,3
warehouse1,328,false,,137
warehouse1,221,false,,139
warehouse1,320,false,,119
warehouse1,29,false,,143
warehouse1,163,false,,105
warehouse1,189,false,,116
warehouse1,483,false,,168
warehouse1,60,false,,657
warehouse1,459,false,,457
warehouse1,99,false,,797
warehouse1,168,false,,23
warehouse1,348,false,,6
warehouse1,555,false,,207
warehouse1,562,false,,64
warehouse1,527,false,,1
warehouse1,261,false,,4
warehouse1,165,false,,80
warehouse1,362,false,,137
warehouse1,251,false,,103
warehouse1,595,false,,112
warehouse1,86,false,,45
warehouse1,513,false,,79
warehouse1,50,false,,115
warehouse1,472,false,,120
warehouse1,156,false,,59
warehouse1,214,false,,71
warehouse1,430,false,,90
warehouse1,135,false,,150
warehouse1,95,false,,169
warehouse1,65,false,,115
warehouse1,197,false,,576
warehouse1,547,false,,273
warehouse1,791,false,,6
warehouse1,268,false,,140
warehouse1,736,false,,35
warehouse1,376,false,,28
warehouse1,254,false,,48
warehouse1,22,false,,100
warehouse1,570,false,,130
warehouse1,175,false,,40
warehouse1,971,false,,16
warehouse1,274,false,,233
warehouse1,359,false,,53
warehouse1,934,false,,39
warehouse1,976,false,,90
warehouse1,976,false,,90
warehouse1,976,false,,90
warehouse1,481,false,,466
warehouse1,481,false,,466
warehouse1,481,false,,466
warehouse1,142,false,,174
warehouse1,575,false,,126
warehouse1,584,false,,70
warehouse1,945,false,,111
warehouse1,347,false,,319
warehouse1,313,false,,44
warehouse1,310,false,,50
warehouse1,317,false,,162
warehouse1,35,false,,26
warehouse1,750,false,,104
warehouse1,280,false,,162
warehouse1,143,false,,369
warehouse1,563,false,,289
warehouse1,250,false,,4
warehouse1,520,false,,4
warehouse1,685,false,,18
warehouse1,53,false,,3
warehouse1,112,false,,6
warehouse1,23,false,,8
warehouse1,579,false,,1
warehouse1,927,false,,170
warehouse1,958,false,,214
warehouse1,478,false,,59
warehouse1,478,false,,59
warehouse1,478,false,,59
warehouse1,813,false,,28
warehouse1,1177,false,,7
warehouse1,780,false,,64
warehouse1,329,false,,84
warehouse1,1035,false,,192
warehouse1,315,false,,203
warehouse1,384,false,,24
warehouse1,844,false,,59
warehouse1,810,false,,75
warehouse1,266,false,,34
warehouse1,970,false,,54
warehouse1,972,false,,58
warehouse1,67,false,,47
warehouse1,238,false,,76
warehouse1,400,false,,70
warehouse1,1037,false,,74
warehouse1,379,false,,101
warehouse1,719,false,,14
warehouse1,699,false,,5
warehouse1,475,false,,13
warehouse1,307,false,,3
warehouse1,969,false,,35
warehouse1,681,false,,47
warehouse1,365,false,,48
warehouse1,1104,false,,39
warehouse1,749,false,,44
warehouse1,457,false,,37
warehouse1,206,false,,21
warehouse1,718,false,,21
warehouse1,710,false,,37
warehouse1,297,false,,56
warehouse1,918,false,,42
warehouse1,61,false,,28
warehouse1,660,false,,17
warehouse1,345,false,,60
warehouse1,465,false,,33
warehouse1,1049,false,,38
warehouse1,212,false,,5
warehouse1,1025,false,,9
warehouse1,893,false,,11
warehouse1,711,false,,106
warehouse1,85,false,,174
warehouse1,567,false,,7
warehouse1,801,false,,21
warehouse1,967,false,,209
warehouse1,889,false,,245
warehouse1,234,false,,99
warehouse1,892,false,,45
warehouse1,1192,false,,9
warehouse1,936,false,,21
warehouse1,1198,false,,116
warehouse1,1245,false,,60
warehouse1,885,false,,76
warehouse1,574,false,,100
warehouse1,1138,false,,134
warehouse1,825,false,,172
warehouse1,1215,false,,111
warehouse1,1080,false,,106
warehouse1,754,false,,11
warehouse1,431,false,,55
warehouse1,111,false,,18
warehouse1,891,false,,28
warehouse1,51,false,,29
warehouse1,665,false,,78
warehouse1,1062,false,,1
warehouse1,1217,false,,12
warehouse1,580,false,,3
warehouse1,1158,false,,96
warehouse1,518,false,,173
warehouse1,955,false,,109
warehouse1,81,false,,178
warehouse1,528,false,,71
warehouse1,369,false,,87
warehouse1,1271,false,,54
warehouse1,771,false,,32
warehouse1,755,false,,30
warehouse1,673,false,,62
warehouse1,679,false,,62
warehouse1,540,false,,56
warehouse1,716,false,,115
warehouse1,978,false,,77
warehouse1,1012,false,,101
warehouse1,132,false,,82
warehouse1,937,false,,64
warehouse1,519,false,,47
warehouse1,97,false,,52
warehouse1,589,false,,21
warehouse1,49,false,,27
warehouse1,87,false,,99
warehouse1,161,false,,41
warehouse1,279,false,,37
warehouse1,1187,false,,29
warehouse1,1083,false,,94
warehouse1,360,false,,56
warehouse1,1030,false,,88
warehouse1,318,false,,36
warehouse1,730,false,,185
warehouse1,59,false,,132
warehouse1,912,false,,263
warehouse1,1318,false,,358
warehouse1,1332,false,,13
warehouse1,1114,false,,9
warehouse1,1364,false,,4
warehouse1,1366,false,,3
warehouse1,622,false,,2
warehouse1,849,false,,29
warehouse1,1336,false,,3
warehouse1,194,false,,49
warehouse1,593,false,,25
warehouse1,684,false,,14
warehouse1,1209,false,,4
warehouse1,78,false,,53
warehouse1,1250,false,,128
warehouse1,45,false,,69
warehouse1,208,false,,19
warehouse1,950,false,,3
warehouse1,904,false,,5
warehouse1,1425,false,,22
warehouse1,195,false,,77
warehouse1,426,false,,18
warehouse1,305,false,,6
warehouse1,1393,false,,146
warehouse1,864,false,,71
warehouse1,983,false,,10
warehouse1,237,false,,24
warehouse1,157,false,,79
warehouse1,1520,false,,7
warehouse1,209,false,,20
warehouse1,668,false,,11
warehouse1,597,false,,175
warehouse1,1134,false,,125
warehouse1,33,false,,40
warehouse1,100,false,,8
warehouse1,1524,false,,24
warehouse1,496,false,,21
warehouse1,417,false,,28
warehouse1,959,false,,96
warehouse1,1303,false,,100
warehouse1,1498,false,,42
warehouse1,1284,false,,52
warehouse1,913,false,,12
warehouse1,712,false,,92
warehouse1,1029,false,,33
warehouse1,549,false,,59
warehouse1,1168,false,,3
warehouse1,1500,false,,72
warehouse1,686,false,,39
warehouse1,1295,false,,53
warehouse1,149,false,,12
warehouse1,1222,false,,39
warehouse1,107,false,,46
warehouse1,127,false,,36
warehouse1,1259,false,,51
warehouse1,899,false,,155
warehouse1,1225,false,,65
warehouse1,200,false,,57
warehouse1,1345,false,,85
warehouse1,255,false,,164
warehouse1,418,false,,83
warehouse1,169,false,,2
warehouse1,618,false,,3
warehouse1,213,false,,32
warehouse1,1588,false,,45
warehouse1,1488,false,,33
warehouse1,1075,false,,23
warehouse1,611,false,,1
warehouse1,203,false,,16
warehouse1,1444,false,,9
warehouse1,444,false,,65
warehouse1,374,false,,179
warehouse1,1085,false,,91
warehouse1,798,false,,5
warehouse1,1442,false,,28
warehouse1,334,false,,36
warehouse1,1362,false,,6
warehouse1,1107,false,,20
warehouse1,356,false,,62
warehouse1,125,false,,16
warehouse1,1460,false,,4
warehouse1,851,false,,113
warehouse1,1312,false,,65
warehouse1,557,false,,2
warehouse1,772,false,,24
warehouse1,515,false,,8
warehouse1,109,false,,9
warehouse1,1564,false,,80
warehouse1,1282,false,,13
warehouse1,113,false,,128
warehouse1,1530,false,,17
warehouse1,1331,false,,195
warehouse1,1174,false,,351
warehouse1,1659,false,,168
warehouse1,1042,false,,12
warehouse1,1273,false,,163
warehouse1,392,false,,139
warehouse1,853,false,,27
warehouse1,1641,false,,101
warehouse1,136,false,,193
warehouse1,21,false,,30
warehouse1,1458,false,,184
warehouse1,405,false,,199
warehouse1,785,false,,103
warehouse1,1546,false,,20
warehouse1,777,false,,81
warehouse1,1056,false,,184
warehouse1,1631,false,,180
warehouse1,1446,false,,11
warehouse1,1277,false,,19
warehouse1,265,false,,17
warehouse1,1877,false,,57
warehouse1,451,false,,23
warehouse1,1117,false,,55
warehouse1,1742,false,,6
warehouse1,487,false,,165
warehouse1,839,false,,35
warehouse1,1278,false,,86
warehouse1,139,false,,109
warehouse1,299,false,,111
warehouse1,505,false,,12
warehouse1,1733,false,,47
warehouse1,324,false,,64
warehouse1,922,false,,63
warehouse1,463,false,,11
warehouse1,603,false,,5
warehouse1,387,false,,30
warehouse1,350,false,,14
warehouse1,631,false,,65
warehouse1,1876,false,,5
warehouse1,1550,false,,27
warehouse1,512,false,,17
warehouse1,1865,false,,1
warehouse1,1598,false,,9
warehouse1,484,false,,29
warehouse1,1819,false,,19
warehouse1,370,false,,6
warehouse1,1959,false,,187
warehouse1,1654,false,,29
warehouse1,1034,false,,9
warehouse1,1878,false,,29
warehouse1,1674,false,,91
warehouse1,734,false,,4
warehouse1,1971,false,,4
warehouse1,1175,false,,8
warehouse1,554,false,,45
warehouse1,17,false,,113
warehouse1,1456,false,,58
warehouse1,559,false,,7
warehouse1,133,false,,17
warehouse1,610,false,,98
warehouse1,1081,false,,1
warehouse1,573,false,,33
warehouse1,1675,false,,24
warehouse1,961,false,,9
warehouse1,497,false,,22
warehouse1,602,false,,15
warehouse1,1521,false,,39
warehouse1,1,false,,70
warehouse1,64,false,,129
warehouse1,1820,false,,25
warehouse1,1370,false,,67
warehouse1,58,false,,195
warehouse1,1118,false,,82
warehouse1,1054,false,,38
warehouse1,775,false,,69
warehouse1,1391,false,,121
warehouse1,745,false,,45
warehouse1,598,false,,47
warehouse1,1852,false,,3
warehouse1,788,false,,31
warehouse1,176,false,,5
warehouse1,1184,false,,52
warehouse1,984,false,,21
warehouse1,1511,false,,11
warehouse1,1896,false,,56
warehouse1,1841,false,,48
warehouse1,1761,false,,19
warehouse1,5,false,,26
warehouse1,706,false,,5
warehouse1,448,false,,6
warehouse1,587,false,,25
warehouse1,1543,false,,11
warehouse1,352,false,,20
warehouse1,988,false,,4
warehouse1,241,false,,4
warehouse1,1540,false,,10
warehouse1,363,false,,11
warehouse1,1167,false,,19
warehouse1,1123,false,,5
warehouse1,1580,false,,25
warehouse1,1839,false,,48
warehouse1,1346,false,,12
warehouse1,865,false,,4
warehouse1,1856,false,,17
warehouse1,1321,false,,10
warehouse1,1457,false,,13
warehouse1,103,false,,4
warehouse1,1374,false,,9
warehouse1,1139,false,,4
warehouse1,548,false,,2
warehouse1,1013,false,,3
warehouse1,1014,false,,50
warehouse1,855,false,,6
warehouse1,456,false,,12
warehouse1,1190,false,,7
warehouse1,32,false,,13
warehouse1,1909,false,,11
warehouse1,848,false,,17
warehouse1,852,false,,8
warehouse1,408,false,,7
warehouse1,1398,false,,1
warehouse1,1535,false,,3
warehouse1,428,false,,6
warehouse1,1750,false,,90
warehouse1,1152,false,,65
warehouse1,1477,false,,290
warehouse1,667,false,,200
warehouse1,375,false,,99
warehouse1,765,false,,324
warehouse1,172,false,,136
warehouse1,521,false,,58
warehouse1,1381,false,,37
warehouse1,1078,false,,204
warehouse1,541,false,,76
warehouse1,1421,false,,82
warehouse1,181,false,,1
warehouse1,388,false,,36
warehouse1,1565,false,,17
warehouse1,421,false,,5
warehouse1,1340,false,,1
warehouse1,1707,false,,2
warehouse1,1375,false,,7
warehouse1,396,false,,7
warehouse1,794,false,,8
warehouse1,1573,false,,2
warehouse1,394,false,,5
warehouse1,546,false,,7
warehouse1,1305,false,,7
warehouse1,1619,false,,1
warehouse1,1298,false,,8
warehouse1,728,false,,7
warehouse1,272,false,,16
warehouse1,1314,false,,3
warehouse1,80,false,,1
warehouse1,440,false,,11
warehouse1,1946,false,,2
warehouse1,1882,false,,6
warehouse1,1874,false,,2
warehouse1,1179,false,,4
warehouse1,461,false,,54
warehouse1,162,false,,26
warehouse1,868,false,,75
warehouse1,1120,false,,30
warehouse1,2084,false,,9
warehouse1,1343,false,,2
warehouse1,2057,false,,11
warehouse1,31,false,,49
warehouse1,54,false,,8
warehouse1,590,false,,9
warehouse1,1953,false,,387
warehouse1,170,false,,406
warehouse1,1006,false,,260
warehouse1,630,false,,9
warehouse1,1329,false,,182
warehouse1,378,false,,274
warehouse1,2154,false,,93
warehouse1,1244,false,,1
warehouse1,1390,false,,8
warehouse1,883,false,,9
warehouse1,1956,false,,10
warehouse1,717,false,,1
warehouse1,391,false,,45
warehouse1,74,false,,46
warehouse1,41,false,,3
warehouse1,980,false,,18
warehouse1,40,false,,12
warehouse1,1252,false,,11
warehouse1,1633,false,,26
warehouse1,1845,false,,21
warehouse1,259,false,,8
warehouse1,1579,false,,27
warehouse1,314,false,,3
warehouse1,2074,false,,2
warehouse1,1954,false,,5
warehouse1,1688,false,,9
warehouse1,1299,false,,5
warehouse1,2095,false,,12
warehouse1,1275,false,,6
warehouse1,553,false,,10
warehouse1,227,false,,26
warehouse1,862,false,,27
warehouse1,1304,false,,48
warehouse1,1026,false,,109
warehouse1,1616,false,,60
warehouse1,739,false,,9
warehouse1,1039,false,,24
warehouse1,1926,false,,24
warehouse1,1070,false,,47
warehouse1,1376,false,,25
warehouse1,1195,false,,1
warehouse1,917,false,,24
warehouse1,1040,false,,18
warehouse1,244,false,,60
warehouse1,624,false,,69
warehouse1,264,false,,80
warehouse1,577,false,,22
warehouse1,1307,false,,9
warehouse1,1074,false,,37
warehouse1,1881,false,,22
warehouse1,804,false,,70
warehouse1,94,false,,18
warehouse1,102,false,,70
warehouse1,1125,false,,39
warehouse1,420,false,,85
warehouse1,1645,false,,68
warehouse1,263,false,,18
warehouse1,1779,false,,33
warehouse1,1350,false,,20
warehouse1,1784,false,,152
warehouse1,9,false,,38
warehouse1,1866,false,,8
warehouse1,1388,false,,9
warehouse1,820,false,,71
warehouse1,1970,false,,139
warehouse1,737,false,,8
warehouse1,2070,false,,4
warehouse1,1093,false,,20
warehouse1,1045,false,,37
warehouse1,1489,false,,18
warehouse1,727,false,,18
warehouse1,471,false,,13
warehouse1,1587,false,,50
warehouse1,939,false,,42
warehouse1,1830,false,,92
warehouse1,1433,false,,59
warehouse1,419,false,,11
warehouse1,1724,false,,11
warehouse1,1005,false,,40
warehouse1,1065,false,,98
warehouse1,332,false,,60
warehouse1,1247,false,,15
warehouse1,536,false,,5
warehouse1,821,false,,98
warehouse1,1255,false,,97
warehouse1,1653,false,,125
warehouse1,386,false,,53
warehouse1,542,false,,92
warehouse1,2016,false,,109
warehouse1,908,false,,2
warehouse1,1536,false,,5
warehouse1,1183,false,,7
warehouse1,1762,false,,20
warehouse1,1356,false,,18
warehouse1,144,false,,17
warehouse1,643,false,,54
warehouse1,1978,false,,128
warehouse1,262,false,,116
warehouse1,951,false,,13
warehouse1,1274,false,,26
warehouse1,1061,false,,19
warehouse1,1892,false,,82
warehouse1,757,false,,115
warehouse1,128,false,,2
warehouse1,75,false,,101
warehouse1,1141,false,,105
warehouse1,1831,false,,40
warehouse1,963,false,,2
warehouse1,174,false,,41
warehouse1,800,false,,125
warehouse1,510,false,,127
warehouse1,846,false,,3
warehouse1,1512,false,,25
warehouse1,1373,false,,60
warehouse1,1668,false,,88
warehouse1,34,false,,3
warehouse1,1072,false,,19
warehouse1,861,false,,8
warehouse1,1127,false,,15
warehouse1,986,false,,13
warehouse1,981,false,,137
warehouse1,1320,false,,102
warehouse1,1392,false,,96
warehouse1,1270,false,,303
warehouse1,1992,false,,92
warehouse1,944,false,,127
warehouse1,647,false,,286
warehouse1,2136,false,,68
warehouse1,1739,false,,123
warehouse1,929,false,,119
warehouse1,2111,false,,4
warehouse1,24,false,,6
warehouse1,252,false,,1
warehouse1,1622,false,,1
warehouse1,894,false,,8
warehouse1,1363,false,,19
warehouse1,2027,false,,2
warehouse1,306,false,,14
warehouse1,1347,false,,1
warehouse1,1185,false,,9
warehouse1,1945,false,,13
warehouse1,1359,false,,48
warehouse1,1776,false,,13
warehouse1,455,false,,4
warehouse1,1848,false,,21
warehouse1,1818,false,,32
warehouse1,358,false,,39
warehouse1,1338,false,,25
warehouse1,1463,false,,42
warehouse1,676,false,,247
warehouse1,1230,false,,64
warehouse1,1738,false,,43
warehouse1,1064,false,,149
warehouse1,1361,false,,70
warehouse1,1684,false,,22
warehouse1,1758,false,,129
warehouse1,833,false,,57
warehouse1,932,false,,21
warehouse1,1159,false,,169
warehouse1,1022,false,,3
warehouse1,1652,false,,45
warehouse1,1481,false,,15
warehouse1,1246,false,,74
warehouse1,242,false,,99
warehouse1,1609,false,,12
warehouse1,233,false,,128
warehouse1,257,false,,68
warehouse1,1465,false,,110
warehouse1,1614,false,,45
warehouse1,270,false,,13
warehouse1,1572,false,,35
warehouse1,533,false,,3
warehouse1,1038,false,,180
warehouse1,207,false,,75
warehouse1,47,false,,54
warehouse1,1910,false,,94
warehouse1,2148,false,,27
warehouse1,298,false,,92
warehouse1,1571,false,,67
warehouse1,1995,false,,49
warehouse1,1884,false,,104
warehouse1,494,false,,5
warehouse1,938,false,,4
warehouse1,921,false,,108
warehouse1,1516,false,,55
warehouse1,1801,false,,5
warehouse1,2075,false,,11
warehouse1,1900,false,,17
warehouse1,300,false,,63
warehouse1,424,false,,1
warehouse1,914,false,,7
warehouse1,979,false,,4
warehouse1,275,false,,3
warehouse1,581,false,,237
warehouse1,1559,false,,306
warehouse1,1137,false,,218
warehouse1,1751,false,,97
warehouse1,763,false,,202
warehouse1,104,false,,86
warehouse1,1692,false,,19
warehouse1,1728,false,,137
warehouse1,1980,false,,86
warehouse1,177,false,,161
warehouse1,946,false,,5
warehouse1,2167,false,,1
warehouse1,1453,false,,11
warehouse1,2187,false,,648
warehouse1,2297,false,,924
warehouse1,1928,false,,597
warehouse1,1096,false,,55
warehouse1,382,false,,874
warehouse1,409,false,,1403
warehouse1,880,false,,208
warehouse1,260,false,,1581
warehouse1,267,false,,246
warehouse1,1990,false,,12
warehouse1,1290,false,,787
warehouse1,2041,false,,120
warehouse1,2298,false,,236
warehouse1,2220,false,,305
warehouse1,1384,false,,17
warehouse1,178,false,,13
warehouse1,1223,false,,28
warehouse1,1682,false,,8
warehouse1,1562,false,,1
warehouse1,2000,false,,102
warehouse1,1912,false,,174
warehouse1,1607,false,,55
warehouse1,1462,false,,8
warehouse1,118,false,,1
warehouse1,1868,false,,19
warehouse1,2147,false,,3
warehouse1,627,false,,21
warehouse1,1525,false,,12
warehouse1,2061,false,,1
warehouse1,155,false,,47
warehouse1,1718,false,,31
warehouse1,653,false,,35
warehouse1,1519,false,,25
warehouse1,1861,false,,63
warehouse1,1142,false,,67
warehouse1,1788,false,,61
warehouse1,2218,false,,3
warehouse1,715,false,,2
warehouse1,1557,false,,97
warehouse1,2166,false,,137
warehouse1,964,false,,97
warehouse1,1898,false,,57
warehouse1,236,false,,38
warehouse1,661,false,,42
warehouse1,1871,false,,25
warehouse1,1782,false,,28
warehouse1,2188,false,,65
warehouse1,411,false,,78
warehouse1,1506,false,,93
warehouse1,1399,false,,63
warehouse1,126,false,,49
warehouse1,2125,false,,69
warehouse1,443,false,,40
warehouse1,1554,false,,69
warehouse1,1760,false,,93
warehouse1,1704,false,,60
warehouse1,869,false,,23
warehouse1,523,false,,32
warehouse1,277,false,,11
warehouse1,2049,false,,14
warehouse1,10,false,,19
warehouse1,2427,false,,1
warehouse1,607,false,,13
warehouse1,1060,false,,5
warehouse1,670,false,,3
warehouse1,1268,false,,3
warehouse1,909,false,,16
warehouse1,397,false,,5
warehouse1,1837,false,,12
warehouse1,877,false,,49
warehouse1,2021,false,,43
warehouse1,492,false,,13
warehouse1,1046,false,,12
warehouse1,1942,false,,44
warehouse1,2117,false,,46
warehouse1,799,false,,11
warehouse1,1584,false,,15
warehouse1,1743,false,,46
warehouse1,1394,false,,14
warehouse1,404,false,,12
warehouse1,1403,false,,42
warehouse1,1943,false,,42
warehouse1,632,false,,3
warehouse1,486,false,,6
warehouse1,1804,false,,29
warehouse1,2194,false,,12
warehouse1,1308,false,,23
warehouse1,2339,false,,11
warehouse1,1799,false,,16
warehouse1,874,false,,13
warehouse1,907,false,,15
warehouse1,1621,false,,27
warehouse1,2048,false,,1
warehouse1,1296,false,,28
warehouse1,2086,false,,25
warehouse1,1680,false,,59
warehouse1,623,false,,67
warehouse1,154,false,,16
warehouse1,1440,false,,1
warehouse1,1597,false,,26
warehouse1,2331,false,,3
warehouse1,1574,false,,19
warehouse1,1648,false,,1
warehouse1,482,false,,1
warehouse1,2002,false,,16
warehouse1,1632,false,,17
warehouse1,625,false,,5
warehouse1,458,false,,1
warehouse1,721,false,,7
warehouse1,2509,false,,34
warehouse1,535,false,,33
warehouse1,130,false,,2
warehouse1,2065,false,,48
warehouse1,2230,false,,20
warehouse1,2253,false,,7
warehouse1,644,false,,7
warehouse1,987,false,,12
warehouse1,1289,false,,8
warehouse1,920,false,,1
warehouse1,225,false,,2
warehouse1,1931,false,,49
warehouse1,1857,false,,66
warehouse1,1383,false,,34
warehouse1,27,false,,19
warehouse1,2485,false,,2
warehouse1,2005,false,,3
warehouse1,322,false,,11
warehouse1,1553,false,,5
warehouse1,2323,false,,35
warehouse1,66,false,,29
warehouse1,153,false,,8
warehouse1,2260,false,,22
warehouse1,1140,false,,18
warehouse1,1258,false,,10
warehouse1,1342,false,,20
warehouse1,2239,false,,37
warehouse1,517,false,,24
warehouse1,1586,false,,21
warehouse1,1248,false,,19
warehouse1,141,false,,8
warehouse1,586,false,,6
warehouse1,2410,false,,9
warehouse1,840,false,,44
warehouse1,905,false,,15
warehouse1,1407,false,,3
warehouse1,1280,false,,1
warehouse1,953,false,,3
warehouse1,1673,false,,1
warehouse1,2181,false,,3
warehouse1,1947,false,,4
warehouse1,256,false,,3
warehouse1,96,false,,2
warehouse1,1351,false,,1
warehouse1,2538,false,,3
warehouse1,1133,false,,5
warehouse1,1227,false,,3
warehouse1,1813,false,,1
warehouse1,1328,false,,5
warehouse1,2434,false,,6
warehouse1,1424,false,,2
warehouse1,2380,false,,4
warehouse1,1484,false,,11
warehouse1,1785,false,,4
warehouse1,841,false,,17
warehouse1,93,false,,9
warehouse1,184,false,,14
warehouse1,1725,false,,6
warehouse1,1161,false,,11
warehouse1,199,false,,6
warehouse1,2500,false,,40
warehouse1,1455,false,,50
warehouse1,249,false,,25
warehouse1,294,false,,15
warehouse1,688,false,,13
warehouse1,2295,false,,3
warehouse1,2395,false,,15
warehouse1,2235,false,,2
warehouse1,2009,false,,19
warehouse1,1129,false,,10
warehouse1,2350,false,,11
warehouse1,752,false,,5
warehouse1,2105,false,,2
warehouse1,1811,false,,1
warehouse1,1600,false,,76
warehouse1,2622,false,,76
warehouse1,1292,false,,23
warehouse1,2417,false,,22
warehouse1,503,false,,70
warehouse1,1693,false,,14
warehouse1,724,false,,124
warehouse1,1288,false,,141
warehouse1,942,false,,48
warehouse1,2114,false,,93
warehouse1,675,false,,102
warehouse1,498,false,,86
warehouse1,1216,false,,193
warehouse1,1004,false,,182
warehouse1,452,false,,164
warehouse1,657,false,,177
warehouse1,1428,false,,51
warehouse1,2475,false,,59
warehouse1,1940,false,,182
warehouse1,658,false,,49
warehouse1,1385,false,,96
warehouse1,2257,false,,198
warehouse1,2135,false,,198
warehouse1,2369,false,,66
warehouse1,246,false,,102
warehouse1,1412,false,,199
warehouse1,898,false,,179
warehouse1,2311,false,,365
warehouse1,697,false,,364
warehouse1,316,false,,180
warehouse1,2487,false,,181
warehouse1,615,false,,365
warehouse1,703,false,,182
warehouse1,2199,false,,1
warehouse1,336,false,,3
warehouse1,76,false,,8
warehouse1,1408,false,,10
warehouse1,1111,false,,30
warehouse1,1020,false,,77
warehouse1,2604,false,,86
warehouse1,2450,false,,8
warehouse1,1099,false,,10
warehouse1,1864,false,,29
warehouse1,121,false,,105
warehouse1,495,false,,132
warehouse1,2052,false,,44
warehouse1,1907,false,,3
warehouse1,1690,false,,56
warehouse1,606,false,,53
warehouse1,2641,false,,56
warehouse1,1726,false,,91
warehouse1,1670,false,,1
warehouse1,2336,false,,20
warehouse1,2113,false,,12
warehouse1,968,false,,40
warehouse1,501,false,,47
warehouse1,319,false,,52
warehouse1,2711,false,,127
warehouse1,640,false,,121
warehouse1,1902,false,,50
warehouse1,1504,false,,88
warehouse1,600,false,,38
warehouse1,897,false,,14
warehouse1,609,false,,35
warehouse1,2274,false,,8
warehouse1,1109,false,,24
warehouse1,2364,false,,10
warehouse1,1434,false,,2
warehouse1,1510,false,,15
warehouse1,476,false,,2
warehouse1,1952,false,,15
warehouse1,1197,false,,5
warehouse1,1154,false,,22
warehouse1,191,false,,8
warehouse1,1815,false,,16
warehouse1,683,false,,46
warehouse1,2463,false,,8
warehouse1,454,false,,9
warehouse1,403,false,,28
warehouse1,114,false,,49
warehouse1,1827,false,,19
warehouse1,137,false,,16
warehouse1,1792,false,,3
warehouse1,789,false,,7
warehouse1,2244,false,,3
warehouse1,2067,false,,19
warehouse1,1781,false,,3
warehouse1,1875,false,,8
warehouse1,1787,false,,5
warehouse1,2007,false,,7
warehouse1,2722,false,,22
warehouse1,2281,false,,5
warehouse1,1208,false,,7
warehouse1,569,false,,30
warehouse1,442,false,,3
warehouse1,333,false,,1
warehouse1,401,false,,9
warehouse1,2116,false,,17
warehouse1,1867,false,,1
warehouse1,292,false,,12
warehouse1,2719,false,,20
warehouse1,2537,false,,3
warehouse1,2515,false,,31
warehouse1,338,false,,13
warehouse1,1507,false,,35
warehouse1,1419,false,,5
warehouse1,1386,false,,1
warehouse1,340,false,,34
warehouse1,2620,false,,32
warehouse1,1757,false,,9
warehouse1,1165,false,,30
warehouse1,1322,false,,52
warehouse1,650,false,,36
warehouse1,2153,false,,9
warehouse1,2119,false,,1
warehouse1,2326,false,,23
warehouse1,105,false,,50
warehouse1,228,false,,40
warehouse1,1071,false,,13
warehouse1,1000,false,,6
warehouse1,1233,false,,3
warehouse1,1423,false,,9
warehouse1,2512,false,,2
warehouse1,1021,false,,8
warehouse1,1595,false,,2
warehouse1,2371,false,,1
warehouse1,131,false,,10
warehouse1,888,false,,5
warehouse1,1583,false,,19
warehouse1,296,false,,16
warehouse1,596,false,,1
warehouse1,1073,false,,12
warehouse1,198,false,,37
warehouse1,1452,false,,22
warehouse1,1527,false,,98
warehouse1,1287,false,,78
warehouse1,1833,false,,40
warehouse1,1272,false,,17
warehouse1,1935,false,,42
warehouse1,1626,false,,60
warehouse1,1084,false,,53
warehouse1,224,false,,158
warehouse1,762,false,,44
warehouse1,808,false,,70
warehouse1,795,false,,110
warehouse1,2595,false,,258
warehouse1,335,false,,87
warehouse1,1144,false,,120
warehouse1,863,false,,244
warehouse1,766,false,,83
warehouse1,2023,false,,7
warehouse1,2310,false,,26
warehouse1,1451,false,,1
warehouse1,2200,false,,5
warehouse1,2374,false,,13
warehouse1,2613,false,,30
warehouse1,2,false,,11
warehouse1,1924,false,,1
warehouse1,55,false,,28
warehouse1,995,false,,7
warehouse1,2556,false,,22
warehouse1,220,false,,3
warehouse1,1243,false,,34
warehouse1,2159,false,,8
warehouse1,2677,false,,1
warehouse1,2666,false,,7
warehouse1,646,false,,3
warehouse1,1032,false,,13
warehouse1,2705,false,,32
warehouse1,167,false,,11
warehouse1,1948,false,,1
warehouse1,693,false,,7
warehouse1,664,false,,18
warehouse1,2423,false,,8
warehouse1,2294,false,,9
warehouse1,1973,false,,33
warehouse1,2250,false,,47
warehouse1,433,false,,35
warehouse1,1229,false,,18
warehouse1,1826,false,,5
warehouse1,2872,false,,7
warehouse1,2090,false,,16
warehouse1,2830,false,,16
warehouse1,2316,false,,1
warehouse1,2321,false,,1
warehouse1,1720,false,,15
warehouse1,1545,false,,20
warehouse1,935,false,,1
warehouse1,2630,false,,18
warehouse1,2493,false,,1
warehouse1,550,false,,5
warehouse1,1482,false,,5
warehouse1,1353,false,,8
warehouse1,2808,false,,3
warehouse1,2471,false,,2
warehouse1,1987,false,,3
warehouse1,2186,false,,3
warehouse1,2798,false,,24
warehouse1,2182,false,,4
warehouse1,2759,false,,3
warehouse1,2131,false,,11
warehouse1,278,false,,14
warehouse1,1310,false,,5
warehouse1,621,false,,12
warehouse1,604,false,,26
warehouse1,1560,false,,8
warehouse1,824,false,,12
warehouse1,413,false,,37
warehouse1,223,false,,37
warehouse1,928,false,,12
warehouse1,2018,false,,51
warehouse1,2372,false,,51
warehouse1,2895,false,,15
warehouse1,15,false,,15
warehouse1,2869,false,,51
warehouse1,2271,false,,51
warehouse1,2210,false,,15
warehouse1,1294,false,,15
warehouse1,834,false,,51
warehouse1,1092,false,,51
warehouse1,962,false,,15
warehouse1,2501,false,,15
warehouse1,2115,false,,51
warehouse1,1796,false,,15
warehouse1,1691,false,,11
warehouse1,949,false,,22
warehouse1,826,false,,20
warehouse1,1715,false,,7
warehouse1,2045,false,,3
warehouse1,1629,false,,1
warehouse1,1976,false,,3
warehouse1,1885,false,,19
warehouse1,692,false,,24
warehouse1,1640,false,,2
warehouse1,2076,false,,1
warehouse1,1644,false,,3
warehouse1,2123,false,,22
warehouse1,493,false,,21
warehouse1,1766,false,,1
warehouse1,616,false,,34
warehouse1,1922,false,,97
warehouse1,2129,false,,66
warehouse1,906,false,,56
warehouse1,1397,false,,2
warehouse1,1661,false,,5
warehouse1,432,false,,1
warehouse1,1589,false,,57
warehouse1,145,false,,38
warehouse1,2813,false,,20
warehouse1,2010,false,,1
warehouse1,2735,false,,46
warehouse1,2553,false,,35
warehouse1,2019,false,,158
warehouse1,1923,false,,130
warehouse1,1547,false,,117
warehouse1,648,false,,27
warehouse1,532,false,,13
warehouse1,2565,false,,5
warehouse1,217,false,,90
warehouse1,73,false,,107
warehouse1,1734,false,,1
warehouse1,1264,false,,4
warehouse1,1821,false,,82
warehouse1,2592,false,,97
warehouse1,827,false,,4
warehouse1,637,false,,3
warehouse1,1709,false,,5
warehouse1,2605,false,,5
warehouse1,2373,false,,7
warehouse1,2063,false,,10
warehouse1,2273,false,,14
warehouse1,1658,false,,11
warehouse1,652,false,,8
warehouse1,1471,false,,14
warehouse1,1962,false,,11
warehouse1,1221,false,,7
warehouse1,588,false,,6
warehouse1,1814,false,,9
warehouse1,2198,false,,116
warehouse1,1777,false,,89
warehouse1,185,false,,106
warehouse1,1529,false,,10
warehouse1,952,false,,1
warehouse1,1437,false,,15
warehouse1,2579,false,,31
warehouse1,312,false,,12
warehouse1,1539,false,,12
warehouse1,37,false,,4
warehouse1,1843,false,,24
warehouse1,1551,false,,6
warehouse1,677,false,,1
warehouse1,2879,false,,2
warehouse1,2765,false,,7
warehouse1,578,false,,8
warehouse1,1797,false,,4
warehouse1,1181,false,,14
warehouse1,1628,false,,7
warehouse1,1746,false,,9
warehouse1,150,false,,6
warehouse1,192,false,,6
warehouse1,1090,false,,45
warehouse1,636,false,,47
warehouse1,1130,false,,151
warehouse1,1234,false,,261
warehouse1,832,false,,265
warehouse1,1276,false,,149
warehouse1,398,false,,88
warehouse1,2377,false,,74
warehouse1,760,false,,195
warehouse1,1097,false,,330
warehouse1,2416,false,,328
warehouse1,1015,false,,200
warehouse1,159,false,,6
warehouse1,543,false,,15
warehouse1,2038,false,,7
warehouse1,872,false,,63
warehouse1,2149,false,,22
warehouse1,2584,false,,3
warehouse1,235,false,,36
warehouse1,1729,false,,41
warehouse1,205,false,,3
warehouse1,1612,false,,17
warehouse1,629,false,,37
warehouse1,2673,false,,7
warehouse1,2717,false,,18
warehouse1,1694,false,,2
warehouse1,1655,false,,18
warehouse1,2017,false,,26
warehouse1,1570,false,,28
warehouse1,1464,false,,102
warehouse1,1018,false,,164
warehouse1,743,false,,153
warehouse1,248,false,,105
warehouse1,1706,false,,39
warehouse1,1859,false,,37
warehouse1,701,false,,106
warehouse1,1835,false,,166
warehouse1,911,false,,165
warehouse1,1735,false,,110
warehouse1,2636,false,,27
warehouse1,1647,false,,28
warehouse1,429,false,,107
warehouse1,2360,false,,163
warehouse1,2124,false,,162
warehouse1,2104,false,,104
warehouse1,1986,false,,27
warehouse1,2226,false,,102
warehouse1,1840,false,,104
warehouse1,1847,false,,12
warehouse1,1486,false,,9
warehouse1,1904,false,,19
warehouse1,708,false,,32
warehouse1,326,false,,29
warehouse1,2225,false,,1
warehouse1,698,false,,2
warehouse1,1555,false,,9
warehouse1,1194,false,,12
warehouse1,2215,false,,28
warehouse1,2066,false,,45
warehouse1,2665,false,,50
warehouse1,489,false,,20
warehouse1,626,false,,10
warehouse1,425,false,,6
warehouse1,2894,false,,28
warehouse1,327,false,,37
warehouse1,994,false,,24
warehouse1,407,false,,17
warehouse1,1155,false,,10
warehouse1,218,false,,12
warehouse1,1593,false,,11
warehouse1,2440,false,,1
warehouse1,1132,false,,123
warehouse1,325,false,,141
warehouse1,2540,false,,98
warehouse1,2534,false,,5
warehouse1,399,false,,2
warehouse1,3024,false,,86
warehouse1,2268,false,,162
warehouse1,84,false,,89
warehouse1,2164,false,,6
warehouse1,1552,false,,100
warehouse1,1855,false,,182
warehouse1,1157,false,,185
warehouse1,1542,false,,113
warehouse1,2660,false,,4
warehouse1,295,false,,5
warehouse1,25,false,,19
warehouse1,1829,false,,12
warehouse1,2156,false,,3
warehouse1,240,false,,37
warehouse1,2662,false,,7
warehouse1,1851,false,,48
warehouse1,2466,false,,24
warehouse1,2586,false,,9
warehouse1,2593,false,,1
warehouse1,380,false,,1
warehouse1,2785,false,,71
warehouse1,2255,false,,53
warehouse1,1249,false,,132
warehouse1,2803,false,,245
warehouse1,638,false,,216
warehouse1,1059,false,,62
warehouse1,361,false,,18
warehouse1,377,false,,2
warehouse1,441,false,,29
warehouse1,694,false,,20
warehouse1,614,false,,65
warehouse1,1202,false,,146
warehouse1,1623,false,,153
warehouse1,215,false,,102
warehouse1,2982,false,,12
warehouse1,1101,false,,10
warehouse1,613,false,,78
warehouse1,997,false,,32
warehouse1,1960,false,,46
warehouse1,3037,false,,36
warehouse1,39,false,,187
warehouse1,2505,false,,94
warehouse1,1341,false,,13
warehouse1,1136,false,,21
warehouse1,3064,false,,1
warehouse1,2951,false,,11
warehouse1,1638,false,,17
warehouse1,2292,false,,15
warehouse1,2138,false,,13
warehouse1,276,false,,11
warehouse1,1055,false,,15
warehouse1,1402,false,,7
warehouse1,1627,false,,27
warehouse1,2118,false,,83
warehouse1,2712,false,,29
warehouse1,1795,false,,67
warehouse1,1241,false,,119
warehouse1,3032,false,,74
warehouse1,695,false,,166
warehouse1,2745,false,,80
warehouse1,2028,false,,141
warehouse1,2238,false,,43
warehouse1,2783,false,,113
warehouse1,2146,false,,179
warehouse1,2039,false,,93
warehouse1,372,false,,52
warehouse1,1825,false,,45
warehouse1,467,false,,89
warehouse1,2139,false,,159
warehouse1,2707,false,,153
warehouse1,1033,false,,76
warehouse1,116,false,,31
warehouse1,1883,false,,21
warehouse1,146,false,,76
warehouse1,349,false,,79
warehouse1,1844,false,,210
warehouse1,1699,false,,142
warehouse1,1226,false,,7
warehouse1,2413,false,,35
warehouse1,1128,false,,67
warehouse1,2794,false,,46
warehouse1,619,false,,40
warehouse1,3025,false,,25
warehouse1,231,false,,71
warehouse1,36,false,,5
warehouse1,1480,false,,716
warehouse1,733,false,,123
warehouse1,991,false,,157
warehouse1,1917,false,,63
warehouse1,1214,false,,19
warehouse1,2176,false,,76
warehouse1,2100,false,,108
warehouse1,2729,false,,45
warehouse1,2692,false,,79
warehouse1,2870,false,,81
warehouse1,867,false,,253
warehouse1,764,false,,160
warehouse1,689,false,,88
warehouse1,2748,false,,52
warehouse1,1950,false,,60
warehouse1,2270,false,,136
warehouse1,2043,false,,125
warehouse1,2031,false,,217
warehouse1,2761,false,,124
warehouse1,2574,false,,69
warehouse1,1568,false,,10
warehouse1,193,false,,25
warehouse1,258,false,,11
warehouse1,1281,false,,74
warehouse1,2419,false,,85
warehouse1,916,false,,67
warehouse1,46,false,,55
warehouse1,1028,false,,61
warehouse1,1695,false,,34
warehouse1,282,false,,1
warehouse1,2648,false,,85
warehouse1,230,false,,66
warehouse1,1517,false,,49
warehouse1,2314,false,,65
warehouse1,790,false,,71
warehouse1,122,false,,3
warehouse1,1748,false,,27
warehouse1,1705,false,,15
warehouse1,3018,false,,37
warehouse1,1418,false,,20
warehouse1,2486,false,,61
warehouse1,204,false,,73
warehouse1,2087,false,,19
warehouse1,2352,false,,45
warehouse1,2624,false,,50
warehouse1,341,false,,111
warehouse1,2615,false,,94
warehouse1,1057,false,,47
warehouse1,180,false,,41
warehouse1,1079,false,,33
warehouse1,44,false,,70
warehouse1,506,false,,29
warehouse1,2518,false,,8
warehouse1,2976,false,,12
warehouse1,829,false,,20
warehouse1,634,false,,8
warehouse1,2575,false,,2
warehouse1,2122,false,,20
warehouse1,1044,false,,16
warehouse1,2644,false,,19
warehouse1,504,false,,23
warehouse1,14,false,,12
warehouse1,2993,false,,30
warehouse1,2453,false,,15
warehouse1,1406,false,,13
warehouse1,1151,false,,5
warehouse1,1663,false,,11
warehouse1,422,false,,7
warehouse1,2190,false,,10
warehouse1,1219,false,,13
warehouse1,2106,false,,5
warehouse1,815,false,,13
warehouse1,879,false,,15
warehouse1,1596,false,,5
warehouse1,902,false,,18
warehouse1,1637,false,,16
warehouse1,977,false,,13
warehouse1,57,false,,17
warehouse1,2228,false,,5
warehouse1,1858,false,,13
warehouse1,2241,false,,15
warehouse1,115,false,,20
warehouse1,2499,false,,20
warehouse1,16,false,,10
warehouse1,2978,false,,23
warehouse1,1965,false,,15
warehouse1,449,false,,14
warehouse1,7,false,,20
warehouse1,2560,false,,15
warehouse1,2089,false,,15
warehouse1,1683,false,,3
warehouse1,357,false,,18
warehouse1,134,false,,19
warehouse1,1432,false,,18
warehouse1,1783,false,,14
warehouse1,2140,false,,5
warehouse1,3014,false,,16
warehouse1,3009,false,,13
warehouse1,674,false,,17
warehouse1,2612,false,,15
warehouse1,1642,false,,15
warehouse1,2943,false,,15
warehouse1,2583,false,,3
warehouse1,26,false,,16
warehouse1,381,false,,14
warehouse1,3069,false,,14
warehouse1,973,false,,14
warehouse1,499,false,,16
warehouse1,778,false,,16
warehouse1,1382,false,,18
warehouse1,1561,false,,17
warehouse1,564,false,,16
warehouse1,957,false,,15
warehouse1,2022,false,,9
warehouse1,2121,false,,23
warehouse1,2094,false,,26
warehouse1,1533,false,,11
warehouse1,2703,false,,9
warehouse1,1146,false,,19
warehouse1,2588,false,,19
warehouse1,1469,false,,15
warehouse1,2831,false,,8
warehouse1,642,false,,18
warehouse1,445,false,,24
warehouse1,383,false,,9
warehouse1,1131,false,,11
warehouse1,2308,false,,17
warehouse1,2653,false,,9
warehouse1,2229,false,,18
warehouse1,62,false,,7
warehouse1,284,false,,1
warehouse1,783,false,,26
warehouse1,2683,false,,27
warehouse1,985,false,,4
warehouse1,1698,false,,9
warehouse1,1849,false,,28
warehouse1,20,false,,7
warehouse1,2650,false,,20
warehouse1,2679,false,,1
warehouse1,77,false,,44
warehouse1,468,false,,181
warehouse1,1836,false,,48
warehouse1,2709,false,,183
warehouse1,2012,false,,60
warehouse1,1802,false,,7
warehouse1,1148,false,,37
warehouse1,216,false,,12
warehouse1,2096,false,,5
warehouse1,477,false,,16
warehouse1,502,false,,16
warehouse1,924,false,,14
warehouse1,1124,false,,3
warehouse1,2755,false,,2
warehouse1,1068,false,,1
warehouse1,1431,false,,2
warehouse1,303,false,,3
warehouse1,72,false,,6
warehouse1,1974,false,,16
warehouse1,1985,false,,11
warehouse1,2774,false,,8
warehouse1,713,false,,1
warehouse1,1201,false,,3
warehouse1,124,false,,7
warehouse1,2389,false,,15
warehouse1,1110,false,,10
warehouse1,2699,false,,4
warehouse1,2212,false,,1
warehouse1,151,false,,1
warehouse1,416,false,,5
warehouse1,2335,false,,1
warehouse1,838,false,,3
warehouse1,2068,false,,5
warehouse1,2092,false,,47
warehouse1,2236,false,,5
warehouse1,2085,false,,1
warehouse1,1681,false,,19
warehouse1,1793,false,,1
warehouse1,818,false,,7
warehouse1,531,false,,38
warehouse1,2101,false,,19
warehouse1,1872,false,,5
warehouse1,910,false,,25
warehouse1,3066,false,,2
warehouse1,2196,false,,10
warehouse1,759,false,,52
warehouse1,226,false,,70
warehouse1,364,false,,54
warehouse1,2841,false,,20
warehouse1,2676,false,,1
warehouse1,2402,false,,8
warehouse1,88,false,,36
warehouse1,3125,false,,72
warehouse1,2267,false,,41
warehouse1,1405,false,,11
warehouse1,878,false,,7
warehouse1,2932,false,,22
warehouse1,152,false,,64
warehouse1,2753,false,,98
warehouse1,2910,false,,73
warehouse1,3141,false,,14
warehouse1,2032,false,,7
warehouse1,2940,false,,11
warehouse1,485,false,,48
warehouse1,2403,false,,87
warehouse1,2625,false,,63
warehouse1,2829,false,,14
warehouse1,605,false,,7
warehouse1,2544,false,,91
warehouse1,3109,false,,130
warehouse1,2001,false,,159
warehouse1,811,false,,73
warehouse1,311,false,,91
warehouse1,2990,false,,136
warehouse1,474,false,,125
warehouse1,756,false,,82
warehouse1,2040,false,,106
warehouse1,2732,false,,192
warehouse1,243,false,,197
warehouse1,393,false,,111
warehouse1,2120,false,,80
warehouse1,2532,false,,110
warehouse1,669,false,,106
warehouse1,796,false,,61
warehouse1,1503,false,,129
warehouse1,1441,false,,184
warehouse1,466,false,,183
warehouse1,2923,false,,123
warehouse1,1211,false,,22
warehouse1,1263,false,,88
warehouse1,565,false,,154
warehouse1,714,false,,160
warehouse1,438,false,,83
warehouse1,2102,false,,14
warehouse1,2571,false,,25
warehouse1,1169,false,,94
warehouse1,1672,false,,161
warehouse1,930,false,,152
warehouse1,1769,false,,65
warehouse1,1188,false,,18
warehouse1,462,false,,25
warehouse1,2300,false,,97
warehouse1,56,false,,178
warehouse1,680,false,,165
warehouse1,2901,false,,74
warehouse1,816,false,,20
warehouse1,1095,false,,27
warehouse1,2580,false,,94
warehouse1,2173,false,,169
warehouse1,453,false,,173
warehouse1,173,false,,79
warehouse1,2433,false,,18
warehouse1,2171,false,,29
warehouse1,2217,false,,16
warehouse1,1461,false,,45
warehouse1,943,false,,39
warehouse1,992,false,,6
warehouse1,1279,false,,20
warehouse1,110,false,,35
warehouse1,1615,false,,4
warehouse1,3199,false,,26
warehouse1,2262,false,,35
warehouse1,1389,false,,8
warehouse1,860,false,,6
warehouse1,2546,false,,28
warehouse1,954,false,,63
warehouse1,738,false,,58
warehouse1,1964,false,,34
warehouse1,89,false,,6
warehouse1,3137,false,,9
warehouse1,2496,false,,23
warehouse1,1047,false,,44
warehouse1,3035,false,,50
warehouse1,2388,false,,26
warehouse1,18,false,,3
warehouse1,2242,false,,33
warehouse1,371,false,,111
warehouse1,2359,false,,178
warehouse1,1119,false,,176
warehouse1,2037,false,,94
warehouse1,2484,false,,28
warehouse1,1016,false,,7
warehouse1,1017,false,,73
warehouse1,2655,false,,96
warehouse1,1105,false,,106
warehouse1,70,false,,40
warehouse1,2820,false,,8
warehouse1,166,false,,2
warehouse1,544,false,,34
warehouse1,42,false,,45
warehouse1,1220,false,,34
warehouse1,1786,false,,24
warehouse1,90,false,,9
warehouse1,1893,false,,56
warehouse1,2631,false,,103
warehouse1,2461,false,,76
warehouse1,2444,false,,47
warehouse1,1313,false,,9
warehouse1,534,false,,9
warehouse1,120,false,,92
warehouse1,1024,false,,78
warehouse1,895,false,,140
warehouse1,807,false,,165
warehouse1,2852,false,,23
warehouse1,786,false,,20
warehouse1,2490,false,,96
warehouse1,1850,false,,78
warehouse1,2224,false,,189
warehouse1,803,false,,192
warehouse1,876,false,,24
warehouse1,735,false,,13
warehouse1,1291,false,,76
warehouse1,2405,false,,57
warehouse1,1759,false,,112
warehouse1,2406,false,,129
warehouse1,446,false,,14
warehouse1,2036,false,,21
warehouse1,2726,false,,16
warehouse1,2971,false,,20
warehouse1,774,false,,21
warehouse1,288,false,,63
warehouse1,1368,false,,71
warehouse1,3173,false,,21
warehouse1,2860,false,,21
warehouse1,1371,false,,21
warehouse1,2223,false,,68
warehouse1,989,false,,76
warehouse1,2920,false,,110
warehouse1,2883,false,,122
warehouse1,247,false,,70
warehouse1,273,false,,22
warehouse1,239,false,,23
warehouse1,2411,false,,75
warehouse1,561,false,,74
warehouse1,773,false,,120
warehouse1,1741,false,,115
warehouse1,1200,false,,79
warehouse1,1325,false,,21
warehouse1,537,false,,11
warehouse1,3119,false,,38
warehouse1,2773,false,,33
warehouse1,158,false,,48
warehouse1,196,false,,51
warehouse1,3082,false,,35
warehouse1,594,false,,9
warehouse1,1603,false,,47
warehouse1,2231,false,,87
warehouse1,2456,false,,80
warehouse1,1416,false,,7
warehouse1,2833,false,,1
warehouse1,1906,false,,52
warehouse1,473,false,,96
warehouse1,3033,false,,83
warehouse1,1145,false,,1
warehouse1,1474,false,,1
warehouse1,746,false,,51
warehouse1,1687,false,,79
warehouse1,571,false,,74
warehouse1,2365,false,,3
warehouse1,1958,false,,20
warehouse1,2168,false,,78
warehouse1,2165,false,,57
warehouse1,3040,false,,1
warehouse1,330,false,,13
warehouse1,1262,false,,15
warehouse1,3152,false,,59
warehouse1,628,false,,32
warehouse1,2853,false,,3
warehouse1,2633,false,,24
warehouse1,1634,false,,15
warehouse1,2467,false,,41
warehouse1,2473,false,,8
warehouse1,1160,false,,3
warehouse1,395,false,,33
warehouse1,2889,false,,81
warehouse1,1286,false,,54
warehouse1,835,false,,45
warehouse1,1608,false,,38
warehouse1,758,false,,172
warehouse1,1984,false,,163
warehouse1,3183,false,,167
warehouse1,3083,false,,38
warehouse1,2926,false,,22
warehouse1,2805,false,,20
warehouse1,1470,false,,114
warehouse1,1509,false,,105
warehouse1,873,false,,107
warehouse1,2938,false,,17
warehouse1,2908,false,,77
warehouse1,3046,false,,90
warehouse1,2034,false,,71
warehouse1,538,false,,49
warehouse1,1485,false,,73
warehouse1,1232,false,,34
warehouse1,823,false,,50
warehouse1,3117,false,,87
warehouse1,2760,false,,56
warehouse1,2452,false,,1
warehouse1,2133,false,,42
warehouse1,1639,false,,49
warehouse1,2882,false,,33
warehouse1,1380,false,,49
warehouse1,2020,false,,81
warehouse1,1768,false,,42
warehouse1,1171,false,,1
warehouse1,3049,false,,4
warehouse1,1445,false,,8
warehouse1,782,false,,71
warehouse1,539,false,,36
warehouse1,1436,false,,27
warehouse1,2635,false,,13
warehouse1,2480,false,,29
warehouse1,291,false,,17
warehouse1,2301,false,,77
warehouse1,2639,false,,31
warehouse1,3202,false,,13
warehouse1,2299,false,,1
warehouse1,2804,false,,4
warehouse1,1316,false,,57
warehouse1,1459,false,,25
warehouse1,753,false,,21
warehouse1,427,false,,3
warehouse1,2432,false,,4
warehouse1,2782,false,,26
warehouse1,2645,false,,29
warehouse1,2856,false,,25
warehouse1,2937,false,,30
warehouse1,1702,false,,12
warehouse1,1752,false,,14
warehouse1,3087,false,,11
warehouse1,1679,false,,48
warehouse1,635,false,,46
warehouse1,2527,false,,129
warehouse1,373,false,,86
warehouse1,1487,false,,13
warehouse1,2837,false,,16
warehouse1,2844,false,,12
warehouse1,2451,false,,38
warehouse1,1430,false,,34
warehouse1,2723,false,,80
warehouse1,1267,false,,52
warehouse1,1496,false,,11
warehouse1,2332,false,,13
warehouse1,2506,false,,10
warehouse1,2141,false,,42
warehouse1,11,false,,39
warehouse1,1001,false,,71
warehouse1,875,false,,35
warehouse1,858,false,,23
warehouse1,2489,false,,11
warehouse1,3175,false,,10
warehouse1,412,false,,53
warehouse1,1537,false,,32
warehouse1,2483,false,,70
warehouse1,3133,false,,35
warehouse1,1089,false,,37
warehouse1,2091,false,,105
warehouse1,2817,false,,102
warehouse1,1410,false,,24
warehouse1,190,false,,69
warehouse1,1297,false,,163
warehouse1,678,false,,197
warehouse1,331,false,,56
warehouse1,2835,false,,88
warehouse1,201,false,,182
warehouse1,2437,false,,165
warehouse1,3021,false,,44
warehouse1,1708,false,,65
warehouse1,960,false,,143
warehouse1,2847,false,,158
warehouse1,641,false,,38
warehouse1,1242,false,,50
warehouse1,1745,false,,116
warehouse1,1019,false,,117
warehouse1,1934,false,,34
warehouse1,1002,false,,44
warehouse1,2302,false,,147
warehouse1,1348,false,,136
warehouse1,253,false,,30
warehouse1,3143,false,,57
warehouse1,2251,false,,120
warehouse1,1088,false,,132
warehouse1,1993,false,,41
warehouse1,82,false,,45
warehouse1,2988,false,,117
warehouse1,450,false,,108
warehouse1,633,false,,44
warehouse1,2731,false,,70
warehouse1,3,false,,146
warehouse1,79,false,,131
warehouse1,6,false,,51
warehouse1,2098,false,,69
warehouse1,423,false,,187
warehouse1,1807,false,,180
warehouse1,1921,false,,69
warehouse1,704,false,,75
warehouse1,2685,false,,167
warehouse1,705,false,,177
warehouse1,148,false,,57
warehouse1,3176,false,,55
warehouse1,1497,false,,125
warehouse1,2695,false,,120
warehouse1,3179,false,,25
warehouse1,2824,false,,52
warehouse1,3138,false,,132
warehouse1,290,false,,126
warehouse1,229,false,,47
warehouse1,1435,false,,34
warehouse1,1027,false,,72
warehouse1,1251,false,,99
warehouse1,2183,false,,27
warehouse1,1218,false,,7
warehouse1,1528,false,,5
warehouse1,2678,false,,10
warehouse1,2247,false,,7
warehouse1,870,false,,13
warehouse1,3172,false,,11
warehouse1,435,false,,9
warehouse1,2535,false,,9
warehouse1,436,false,,8
warehouse1,2394,false,,7
warehouse1,2455,false,,24
warehouse1,1532,false,,28
warehouse1,1549,false,,13
warehouse1,119,false,,5
warehouse1,123,false,,20
warehouse1,1387,false,,18
warehouse1,323,false,,11
warehouse1,654,false,,12
warehouse1,500,false,,26
warehouse1,1997,false,,32
warehouse1,2855,false,,11
warehouse1,183,false,,9
warehouse1,620,false,,24
warehouse1,2811,false,,31
warehouse1,2706,false,,11
warehouse1,1176,false,,22
warehouse1,2643,false,,46
warehouse1,1887,false,,21
warehouse1,2810,false,,10
warehouse1,3005,false,,23
warehouse1,1315,false,,23
warehouse1,2680,false,,27
warehouse1,301,false,,18
warehouse1,479,false,,27
warehouse1,1414,false,,25
warehouse1,2598,false,,14
warehouse1,164,false,,20
warehouse1,1404,false,,22
warehouse1,552,false,,4
warehouse1,1163,false,,10
warehouse1,1121,false,,16
warehouse1,726,false,,6
warehouse1,1651,false,,6
warehouse1,2387,false,,18
warehouse1,2381,false,,9
warehouse1,286,false,,5
warehouse1,2925,false,,13
warehouse1,608,false,,5
warehouse1,1491,false,,34
warehouse1,806,false,,45
warehouse1,940,false,,11
warehouse1,1905,false,,12
warehouse1,948,false,,8
warehouse1,1590,false,,23
warehouse1,1189,false,,28
warehouse1,2815,false,,24
warehouse1,2261,false,,12
warehouse1,2873,false,,52
warehouse1,2684,false,,55
warehouse1,211,false,,42
warehouse1,1260,false,,33
warehouse1,1538,false,,36
warehouse1,2269,false,,42
warehouse1,843,false,,59
warehouse1,781,false,,76
warehouse1,2733,false,,40
warehouse1,339,false,,46
warehouse1,1994,false,,18
warehouse1,1592,false,,76
warehouse1,507,false,,146
warehouse1,2931,false,,102
warehouse1,1066,false,,52
warehouse1,269,false,,9
warehouse1,2851,false,,19
warehouse1,304,false,,82
warehouse1,1483,false,,130
warehouse1,2207,false,,107
warehouse1,2839,false,,61
warehouse1,1409,false,,14
warehouse1,2126,false,,17
warehouse1,1972,false,,36
warehouse1,2533,false,,6
warehouse1,2961,false,,26
warehouse1,470,false,,32
warehouse1,285,false,,7
warehouse1,508,false,,16
warehouse1,2718,false,,65
warehouse1,1823,false,,99
warehouse1,1749,false,,95
warehouse1,1879,false,,32
warehouse1,1309,false,,5
warehouse1,1472,false,,1
warehouse1,2953,false,,11
warehouse1,784,false,,13
warehouse1,998,false,,13
warehouse1,2494,false,,12
warehouse1,1143,false,,12
warehouse1,599,false,,1
warehouse1,1495,false,,6
warehouse1,1966,false,,6
warehouse1,2939,false,,28
warehouse1,2900,false,,57
warehouse1,2356,false,,70
warehouse1,2383,false,,10
warehouse1,1008,false,,12
warehouse1,2511,false,,10
warehouse1,19,false,,38
warehouse1,522,false,,106
warehouse1,106,false,,105
warehouse1,2354,false,,10
warehouse1,447,false,,14
warehouse1,1789,false,,9
warehouse1,147,false,,4
warehouse1,2414,false,,55
warehouse1,2304,false,,98
warehouse1,1036,false,,107
warehouse1,2035,false,,7
warehouse1,822,false,,15
warehouse1,140,false,,21
warehouse1,1149,false,,29
warehouse1,1265,false,,9
warehouse1,367,false,,19
warehouse1,770,false,,2
warehouse1,30,false,,7
warehouse1,406,false,,1
warehouse1,1326,false,,9
warehouse1,2415,false,,5
warehouse1,2616,false,,23
warehouse1,3206,false,,2
warehouse1,1853,false,,8
warehouse1,993,false,,15
warehouse1,2977,false,,14
warehouse1,2999,false,,3
warehouse1,2825,false,,1
warehouse1,700,false,,10
warehouse1,2946,false,,8
warehouse1,3001,false,,13
warehouse1,1767,false,,9
warehouse1,3097,false,,27
warehouse1,2821,false,,5
warehouse1,2408,false,,8
warehouse1,488,false,,5
warehouse1,2949,false,,73
warehouse1,2351,false,,158
warehouse1,3192,false,,83
warehouse1,1649,false,,10
warehouse1,354,false,,7
warehouse1,3043,false,,64
warehouse1,3169,false,,137
warehouse1,1051,false,,62
warehouse1,1601,false,,7
warehouse1,1415,false,,12
warehouse1,2610,false,,71
warehouse1,2108,false,,144
warehouse1,43,false,,77
warehouse1,1357,false,,10
warehouse1,768,false,,5
warehouse1,2749,false,,38
warehouse1,2319,false,,87
warehouse1,509,false,,51
warehouse1,490,false,,9
warehouse1,2715,false,,7
warehouse1,1722,false,,48
warehouse1,566,false,,87
warehouse1,854,false,,51
warehouse1,2178,false,,9
warehouse1,2557,false,,5
warehouse1,707,false,,47
warehouse1,666,false,,87
warehouse1,776,false,,51
warehouse1,1894,false,,9
warehouse1,69,false,,3
warehouse1,182,false,,35
warehouse1,3156,false,,70
warehouse1,2050,false,,39
warehouse1,3063,false,,8
warehouse1,1873,false,,1
warehouse1,1186,false,,35
warehouse1,491,false,,70
warehouse1,1933,false,,39
warehouse1,1228,false,,9
warehouse1,729,false,,9
warehouse1,1618,false,,24
warehouse1,210,false,,23
warehouse1,530,false,,45
warehouse1,545,false,,26
warehouse1,1591,false,,8
warehouse1,842,false,,8
warehouse1,355,false,,26
warehouse1,903,false,,21
warehouse1,1337,false,,44
warehouse1,1476,false,,25
warehouse1,389,false,,8
warehouse1,925,false,,8
warehouse1,366,false,,8
warehouse1,3103,false,,22
warehouse1,931,false,,24
warehouse1,1808,false,,8
warehouse1,2201,false,,5
warehouse1,3067,false,,23
warehouse1,845,false,,24
warehouse1,1058,false,,38
warehouse1,2628,false,,23
warehouse1,655,false,,6
warehouse1,415,false,,3
warehouse1,886,false,,14
warehouse1,1438,false,,20
warehouse1,2792,false,,31
warehouse1,682,false,,18
warehouse1,2142,false,,2
warehouse1,2768,false,,12
warehouse1,3157,false,,114
warehouse1,2772,false,,142
warehouse1,1011,false,,47
warehouse1,2681,false,,38
warehouse1,560,false,,170
warehouse1,592,false,,180
warehouse1,1534,false,,41
warehouse1,511,false,,27
warehouse1,1897,false,,81
warehouse1,2525,false,,80
warehouse1,2296,false,,23
warehouse1,2911,false,,28
warehouse1,98,false,,114
warehouse1,1812,false,,112
warehouse1,3056,false,,31
warehouse1,1178,false,,22
warehouse1,3168,false,,93
warehouse1,2249,false,,107
warehouse1,138,false,,32
warehouse1,3208,false,,2
warehouse1,308,false,,2
warehouse1,2864,false,,2
warehouse1,2530,false,,3
warehouse1,1677,false,,6
warehouse1,2291,false,,19
warehouse1,582,false,,8
warehouse1,1712,false,,4
warehouse1,179,false,,12
warehouse1,802,false,,19
warehouse1,2329,false,,4
warehouse1,2671,false,,25
warehouse1,2693,false,,40
warehouse1,1563,false,,86
warehouse1,2854,false,,259
warehouse1,1732,false,,75
warehouse1,882,false,,21
warehouse1,3158,false,,32
warehouse1,1207,false,,31
warehouse1,410,false,,54
warehouse1,1439,false,,173
warehouse1,12,false,,180
warehouse1,3136,false,,72
warehouse1,1744,false,,16
warehouse1,2609,false,,80
warehouse1,2998,false,,95
warehouse1,1077,false,,37
warehouse1,2750,false,,73
warehouse1,1508,false,,183
warehouse1,915,false,,202
warehouse1,2478,false,,71
warehouse1,690,false,,25
warehouse1,2935,false,,122
warehouse1,1719,false,,139
warehouse1,2970,false,,52
warehouse1,1941,false,,26
warehouse1,38,false,,10
warehouse1,1231,false,,23
warehouse1,2714,false,,16
warehouse1,3090,false,,44
warehouse1,2809,false,,8
warehouse1,2771,false,,12
warehouse1,572,false,,24
warehouse1,302,false,,25
warehouse1,2536,false,,23
warehouse1,202,false,,28
warehouse1,663,false,,73
warehouse1,1466,false,,34
warehouse1,2647,false,,16
warehouse1,2754,false,,169
warehouse1,3207,false,,254
warehouse1,1261,false,,255
warehouse1,2367,false,,169
warehouse1,1925,false,,155
warehouse1,2445,false,,237
warehouse1,990,false,,235
warehouse1,1052,false,,155
warehouse1,2545,false,,119
warehouse1,2418,false,,183
warehouse1,793,false,,182
warehouse1,2353,false,,119
warehouse1,2386,false,,5
warehouse1,1846,false,,17
warehouse1,672,false,,15
warehouse1,2024,false,,7
warehouse1,3121,false,,4
warehouse1,1919,false,,12
warehouse1,956,false,,23
warehouse1,2893,false,,20
warehouse1,1895,false,,9
warehouse1,3167,false,,3
warehouse1,1266,false,,4
warehouse1,982,false,,11
warehouse1,819,false,,17
warehouse1,434,false,,18
warehouse1,1378,false,,5
warehouse1,2438,false,,1
warehouse1,1916,false,,4
warehouse1,671,false,,12
warehouse1,2004,false,,15
warehouse1,2324,false,,20
warehouse1,725,false,,7
warehouse1,751,false,,3
warehouse1,887,false,,21
warehouse1,1624,false,,177
warehouse1,974,false,,66
warehouse1,1736,false,,15
warehouse1,996,false,,93
warehouse1,1396,false,,169
warehouse1,460,false,,135
warehouse1,2062,false,,48
warehouse1,402,false,,4
warehouse1,351,false,,11
warehouse1,1936,false,,21
warehouse1,2435,false,,32
warehouse1,2531,false,,259
warehouse1,2051,false,,195
warehouse1,2287,false,,24
warehouse1,1606,false,,220
warehouse1,1478,false,,171
warehouse1,1367,false,,57
warehouse1,1212,false,,4
warehouse1,2197,false,,11
warehouse1,1116,false,,16
warehouse1,2407,false,,13
warehouse1,696,false,,5
warehouse1,2874,false,,19
warehouse1,3002,false,,140
warehouse1,2967,false,,213
warehouse1,68,false,,172
warehouse1,2878,false,,54
warehouse1,1791,false,,3
warehouse1,2623,false,,12
warehouse1,529,false,,17
warehouse1,2189,false,,14
warehouse1,464,false,,5
warehouse1,13,false,,1
warehouse1,28,false,,1
warehouse1,63,false,,1
warehouse1,71,false,,1
warehouse1,83,false,,1
warehouse1,108,false,,1
warehouse1,129,false,,1
warehouse1,171,false,,1
warehouse1,186,false,,1
warehouse1,219,false,,1
warehouse1,222,false,,1
warehouse1,245,false,,1
warehouse1,281,false,,1
warehouse1,293,false,,1
warehouse1,337,false,,1
warehouse1,343,false,,1
warehouse1,353,false,,1
warehouse1,385,false,,1
warehouse1,390,false,,1
warehouse1,414,false,,1
warehouse1,437,false,,1
warehouse1,439,false,,1
warehouse1,469,false,,1
warehouse1,480,false,,1
warehouse1,514,false,,1
warehouse1,516,false,,1
warehouse1,524,false,,1
warehouse1,525,false,,1
warehouse1,526,false,,1
warehouse1,551,false,,1
warehouse1,556,false,,1
warehouse1,558,false,,1
warehouse1,568,false,,1
warehouse1,576,false,,1
warehouse1,583,false,,1
warehouse1,585,false,,1
warehouse1,591,false,,1
warehouse1,601,false,,1
warehouse1,612,false,,1
warehouse1,617,false,,1
warehouse1,639,false,,1
warehouse1,645,false,,1
warehouse1,649,false,,1
warehouse1,651,false,,1
warehouse1,656,false,,1
warehouse1,659,false,,1
warehouse1,662,false,,1
warehouse1,687,false,,1
warehouse1,691,false,,1
warehouse1,702,false,,1
warehouse1,709,false,,1
warehouse1,720,false,,1
warehouse1,722,false,,1
warehouse1,723,false,,1
warehouse1,731,false,,1
warehouse1,732,false,,1
warehouse1,740,false,,1
warehouse1,741,false,,1
warehouse1,742,false,,1
warehouse1,744,false,,1
warehouse1,747,false,,1
warehouse1,748,false,,1
warehouse1,761,false,,1
warehouse1,767,false,,1
warehouse1,769,false,,1
warehouse1,779,false,,1
warehouse1,787,false,,1
warehouse1,792,false,,1
warehouse1,797,false,,1
warehouse1,805,false,,1
warehouse1,809,false,,1
warehouse1,812,false,,1
warehouse1,814,false,,1
warehouse1,817,false,,1
warehouse1,828,false,,1
warehouse1,830,false,,1
warehouse1,831,false,,1
warehouse1,836,false,,1
warehouse1,837,false,,1
warehouse1,847,false,,1
warehouse1,850,false,,1
warehouse1,856,false,,1
warehouse1,857,false,,1
warehouse1,859,false,,1
warehouse1,866,false,,1
warehouse1,871,false,,1
warehouse1,881,false,,1
warehouse1,884,false,,1
warehouse1,890,false,,1
warehouse1,896,false,,1
warehouse1,900,false,,1
warehouse1,901,false,,1
warehouse1,919,false,,1
warehouse1,923,false,,1
warehouse1,926,false,,1
warehouse1,933,false,,1
warehouse1,941,false,,1
warehouse1,947,false,,1
warehouse1,965,false,,1
warehouse1,966,false,,1
warehouse1,975,false,,1
warehouse1,999,false,,1
warehouse1,1003,false,,1
warehouse1,1007,false,,1
warehouse1,1009,false,,1
warehouse1,1010,false,,1
warehouse1,1023,false,,1
warehouse1,1031,false,,1
warehouse1,1041,false,,1
warehouse1,1043,false,,1
warehouse1,1048,false,,1
warehouse1,1050,false,,1
warehouse1,1053,false,,1
warehouse1,1063,false,,1
warehouse1,1067,false,,1
warehouse1,1069,false,,1
warehouse1,1076,false,,1
warehouse1,1082,false,,1
warehouse1,1086,false,,1
warehouse1,1087,false,,1
warehouse1,1091,false,,1
warehouse1,1094,false,,1
warehouse1,1098,false,,1
warehouse1,1100,false,,1
warehouse1,1102,false,,1
warehouse1,1103,false,,1
warehouse1,1106,false,,1
warehouse1,1108,false,,1
warehouse1,1112,false,,1
warehouse1,1113,false,,1
warehouse1,1115,false,,1
warehouse1,1122,false,,1
warehouse1,1126,false,,1
warehouse1,1135,false,,1
warehouse1,1147,false,,1
warehouse1,1150,false,,1
warehouse1,1153,false,,1
warehouse1,1156,false,,1
warehouse1,1162,false,,1
warehouse1,1164,false,,1
warehouse1,1166,false,,1
warehouse1,1170,false,,1
warehouse1,1172,false,,1
warehouse1,1173,false,,1
warehouse1,1180,false,,1
warehouse1,1182,false,,1
warehouse1,1191,false,,1
warehouse1,1193,false,,1
warehouse1,1196,false,,1
warehouse1,1199,false,,1
warehouse1,1203,false,,1
warehouse1,1204,false,,1
warehouse1,1205,false,,1
warehouse1,1206,false,,1
warehouse1,1210,false,,1
warehouse1,1213,false,,1
warehouse1,1224,false,,1
warehouse1,1235,false,,1
warehouse1,1236,false,,1
warehouse1,1237,false,,1
warehouse1,1238,false,,1
warehouse1,1239,false,,1
warehouse1,1240,false,,1
warehouse1,1253,false,,1
warehouse1,1254,false,,1
warehouse1,1256,false,,1
warehouse1,1257,false,,1
warehouse1,1269,false,,1
warehouse1,1283,false,,1
warehouse1,1285,false,,1
warehouse1,1293,false,,1
warehouse1,1300,false,,1
warehouse1,1301,false,,1
warehouse1,1302,false,,1
warehouse1,1306,false,,1
warehouse1,1311,false,,1
warehouse1,1317,false,,1
warehouse1,1319,false,,1
warehouse1,1323,false,,1
warehouse1,1324,false,,1
warehouse1,1327,false,,1
warehouse1,1330,false,,1
warehouse1,1333,false,,1
warehouse1,1334,false,,1
warehouse1,1335,false,,1
warehouse1,1339,false,,1
warehouse1,1344,false,,1
warehouse1,1349,false,,1
warehouse1,1352,false,,1
warehouse1,1354,false,,1
warehouse1,1355,false,,1
warehouse1,1358,false,,1
warehouse1,1360,false,,1
warehouse1,1365,false,,1
warehouse1,1369,false,,1
warehouse1,1372,false,,1
warehouse1,1377,false,,1
warehouse1,1379,false,,1
warehouse1,1395,false,,1
warehouse1,1400,false,,1
warehouse1,1401,false,,1
warehouse1,1411,false,,1
warehouse1,1413,false,,1
warehouse1,1417,false,,1
warehouse1,1420,false,,1
warehouse1,1422,false,,1
warehouse1,1426,false,,1
warehouse1,1427,false,,1
warehouse1,1429,false,,1
warehouse1,1443,false,,1
warehouse1,1447,false,,1
warehouse1,1448,false,,1
warehouse1,1449,false,,1
warehouse1,1450,false,,1
warehouse1,1454,false,,1
warehouse1,1467,false,,1
warehouse1,1468,false,,1
warehouse1,1473,false,,1
warehouse1,1475,false,,1
warehouse1,1479,false,,1
warehouse1,1490,false,,1
warehouse1,1492,false,,1
warehouse1,1493,false,,1
warehouse1,1494,false,,1
warehouse1,1499,false,,1
warehouse1,1501,false,,1
warehouse1,1502,false,,1
warehouse1,1505,false,,1
warehouse1,1513,false,,1
warehouse1,1514,false,,1
warehouse1,1515,false,,1
warehouse1,1518,false,,1
warehouse1,1522,false,,1
warehouse1,1523,false,,1
warehouse1,1526,false,,1
warehouse1,1531,false,,1
warehouse1,1541,false,,1
warehouse1,1544,false,,1
warehouse1,1548,false,,1
warehouse1,1556,false,,1
warehouse1,1558,false,,1
warehouse1,1566,false,,1
warehouse1,1567,false,,1
warehouse1,1569,false,,1
warehouse1,1575,false,,1
warehouse1,1576,false,,1
warehouse1,1577,false,,1
warehouse1,1578,false,,1
warehouse1,1581,false,,1
warehouse1,1582,false,,1
warehouse1,1585,false,,1
warehouse1,1594,false,,1
warehouse1,1599,false,,1
warehouse1,1602,false,,1
warehouse1,1604,false,,1
warehouse1,1605,false,,1
warehouse1,1610,false,,1
warehouse1,1611,false,,1
warehouse1,1613,false,,1
warehouse1,1617,false,,1
warehouse1,1620,false,,1
warehouse1,1625,false,,1
warehouse1,1630,false,,1
warehouse1,1635,false,,1
warehouse1,1636,false,,1
warehouse1,1643,false,,1
warehouse1,1646,false,,1
warehouse1,1650,false,,1
warehouse1,1656,false,,1
warehouse1,1657,false,,1
warehouse1,1660,false,,1
warehouse1,1662,false,,1
warehouse1,1664,false,,1
warehouse1,1665,false,,1
warehouse1,1666,false,,1
warehouse1,1667,false,,1
warehouse1,1669,false,,1
warehouse1,1671,false,,1
warehouse1,1676,false,,1
warehouse1,1678,false,,1
warehouse1,1685,false,,1
warehouse1,1686,false,,1
warehouse1,1689,false,,1
warehouse1,1696,false,,1
warehouse1,1697,false,,1
warehouse1,1700,false,,1
warehouse1,1701,false,,1
warehouse1,1703,false,,1
warehouse1,1710,false,,1
warehouse1,1711,false,,1
warehouse1,1713,false,,1
warehouse1,1714,false,,1
warehouse1,1716,false,,1
warehouse1,1717,false,,1
warehouse1,1721,false,,1
warehouse1,1723,false,,1
warehouse1,1727,false,,1
warehouse1,1730,false,,1
warehouse1,1731,false,,1
warehouse1,1737,false,,1
warehouse1,1740,false,,1
warehouse1,1747,false,,1
warehouse1,1753,false,,1
warehouse1,1754,false,,1
warehouse1,1755,false,,1
warehouse1,1756,false,,1
warehouse1,1763,false,,1
warehouse1,1764,false,,1
warehouse1,1765,false,,1
warehouse1,1770,false,,1
warehouse1,1771,false,,1
warehouse1,1772,false,,1
warehouse1,1773,false,,1
warehouse1,1774,false,,1
warehouse1,1775,false,,1
warehouse1,1778,false,,1
warehouse1,1780,false,,1
warehouse1,1790,false,,1
warehouse1,1794,false,,1
warehouse1,1798,false,,1
warehouse1,1800,false,,1
warehouse1,1803,false,,1
warehouse1,1805,false,,1
warehouse1,1806,false,,1
warehouse1,1809,false,,1
warehouse1,1810,false,,1
warehouse1,1816,false,,1
warehouse1,1817,false,,1
warehouse1,1822,false,,1
warehouse1,1824,false,,1
warehouse1,1828,false,,1
warehouse1,1832,false,,1
warehouse1,1834,false,,1
warehouse1,1838,false,,1
warehouse1,1842,false,,1
warehouse1,1854,false,,1
warehouse1,1860,false,,1
warehouse1,1862,false,,1
warehouse1,1863,false,,1
warehouse1,1869,false,,1
warehouse1,1870,false,,1
warehouse1,1880,false,,1
warehouse1,1886,false,,1
warehouse1,1888,false,,1
warehouse1,1889,false,,1
warehouse1,1890,false,,1
warehouse1,1891,false,,1
warehouse1,1899,false,,1
warehouse1,1901,false,,1
warehouse1,1903,false,,1
warehouse1,1908,false,,1
warehouse1,1911,false,,1
warehouse1,1913,false,,1
warehouse1,1914,false,,1
warehouse1,1915,false,,1
warehouse1,1918,false,,1
warehouse1,1920,false,,1
warehouse1,1927,false,,1
warehouse1,1929,false,,1
warehouse1,1930,false,,1
warehouse1,1932,false,,1
warehouse1,1937,false,,1
warehouse1,1938,false,,1
warehouse1,1939,false,,1
warehouse1,1944,false,,1
warehouse1,1949,false,,1
warehouse1,1951,false,,1
warehouse1,1955,false,,1
warehouse1,1957,false,,1
warehouse1,1961,false,,1
warehouse1,1963,false,,1
warehouse1,1967,false,,1
warehouse1,1968,false,,1
warehouse1,1969,false,,1
warehouse1,1975,false,,1
warehouse1,1977,false,,1
warehouse1,1979,false,,1
warehouse1,1981,false,,1
warehouse1,1982,false,,1
warehouse1,1983,false,,1
warehouse1,1988,false,,1
warehouse1,1989,false,,1
warehouse1,1991,false,,1
warehouse1,1996,false,,1
warehouse1,1998,false,,1
warehouse1,1999,false,,1
warehouse1,2003,false,,1
warehouse1,2006,false,,1
warehouse1,2008,false,,1
warehouse1,2011,false,,1
warehouse1,2013,false,,1
warehouse1,2014,false,,1
warehouse1,2015,false,,1
warehouse1,2025,false,,1
warehouse1,2026,false,,1
warehouse1,2029,false,,1
warehouse1,2030,false,,1
warehouse1,2033,false,,1
warehouse1,2042,false,,1
warehouse1,2044,false,,1
warehouse1,2046,false,,1
warehouse1,2047,false,,1
warehouse1,2053,false,,1
warehouse1,2054,false,,1
warehouse1,2055,false,,1
warehouse1,2056,false,,1
warehouse1,2058,false,,1
warehouse1,2059,false,,1
warehouse1,2060,false,,1
warehouse1,2064,false,,1
warehouse1,2069,false,,1
warehouse1,2071,false,,1
warehouse1,2072,false,,1
warehouse1,2073,false,,1
warehouse1,2077,false,,1
warehouse1,2078,false,,1
warehouse1,2079,false,,1
warehouse1,2080,false,,1
warehouse1,2081,false,,1
warehouse1,2082,false,,1
warehouse1,2083,false,,1
warehouse1,2088,false,,1
warehouse1,2093,false,,1
warehouse1,2097,false,,1
warehouse1,2099,false,,1
warehouse1,2103,false,,1
warehouse1,2107,false,,1
warehouse1,2109,false,,1
warehouse1,2110,false,,1
warehouse1,2112,false,,1
warehouse1,2127,false,,1
warehouse1,2128,false,,1
warehouse1,2130,false,,1
warehouse1,2132,false,,1
warehouse1,2134,false,,1
warehouse1,2137,false,,1
warehouse1,2143,false,,1
warehouse1,2144,false,,1
warehouse1,2145,false,,1
warehouse1,2150,false,,1
warehouse1,2151,false,,1
warehouse1,2152,false,,1
warehouse1,2155,false,,1
warehouse1,2157,false,,1
warehouse1,2158,false,,1
warehouse1,2160,false,,1
warehouse1,2161,false,,1
warehouse1,2162,false,,1
warehouse1,2163,false,,1
warehouse1,2169,false,,1
warehouse1,2170,false,,1
warehouse1,2172,false,,1
warehouse1,2174,false,,1
warehouse1,2175,false,,1
warehouse1,2177,false,,1
warehouse1,2179,false,,1
warehouse1,2180,false,,1
warehouse1,2184,false,,1
warehouse1,2185,false,,1
warehouse1,2191,false,,1
warehouse1,2192,false,,1
warehouse1,2193,false,,1
warehouse1,2195,false,,1
warehouse1,2202,false,,1
warehouse1,2203,false,,1
warehouse1,2204,false,,1
warehouse1,2205,false,,1
warehouse1,2206,false,,1
warehouse1,2208,false,,1
warehouse1,2209,false,,1
warehouse1,2211,false,,1
warehouse1,2213,false,,1
warehouse1,2214,false,,1
warehouse1,2216,false,,1
warehouse1,2219,false,,1
warehouse1,2221,false,,1
warehouse1,2222,false,,1
warehouse1,2227,false,,1
warehouse1,2232,false,,1
warehouse1,2233,false,,1
warehouse1,2234,false,,1
warehouse1,2237,false,,1
warehouse1,2240,false,,1
warehouse1,2243,false,,1
warehouse1,2245,false,,1
warehouse1,2246,false,,1
warehouse1,2248,false,,1
warehouse1,2252,false,,1
warehouse1,2254,false,,1
warehouse1,2256,false,,1
warehouse1,2258,false,,1
warehouse1,2259,false,,1
warehouse1,2263,false,,1
warehouse1,2264,false,,1
warehouse1,2265,false,,1
warehouse1,2266,false,,1
warehouse1,2272,false,,1
warehouse1,2275,false,,1
warehouse1,2276,false,,1
warehouse1,2277,false,,1
warehouse1,2278,false,,1
warehouse1,2279,false,,1
warehouse1,2280,false,,1
warehouse1,2282,false,,1
warehouse1,2283,false,,1
warehouse1,2284,false,,1
warehouse1,2285,false,,1
warehouse1,2286,false,,1
warehouse1,2288,false,,1
warehouse1,2289,false,,1
warehouse1,2290,false,,1
warehouse1,2293,false,,1
warehouse1,2303,false,,1
warehouse1,2305,false,,1
warehouse1,2306,false,,1
warehouse1,2307,false,,1
warehouse1,2309,false,,1
warehouse1,2312,false,,1
warehouse1,2313,false,,1
warehouse1,2315,false,,1
warehouse1,2317,false,,1
warehouse1,2318,false,,1
warehouse1,2320,false,,1
warehouse1,2322,false,,1
warehouse1,2325,false,,1
warehouse1,2327,false,,1
warehouse1,2328,false,,1
warehouse1,2330,false,,1
warehouse1,2333,false,,1
warehouse1,2334,false,,1
warehouse1,2337,false,,1
warehouse1,2338,false,,1
warehouse1,2340,false,,1
warehouse1,2341,false,,1
warehouse1,2342,false,,1
warehouse1,2343,false,,1
warehouse1,2344,false,,1
warehouse1,2345,false,,1
warehouse1,2346,false,,1
warehouse1,2347,false,,1
warehouse1,2348,false,,1
warehouse1,2349,false,,1
warehouse1,2355,false,,1
warehouse1,2357,false,,1
warehouse1,2358,false,,1
warehouse1,2361,false,,1
warehouse1,2362,false,,1
warehouse1,2363,false,,1
warehouse1,2366,false,,1
warehouse1,2368,false,,1
warehouse1,2370,false,,1
warehouse1,2375,false,,1
warehouse1,2376,false,,1
warehouse1,2378,false,,1
warehouse1,2379,false,,1
warehouse1,2382,false,,1
warehouse1,2384,false,,1
warehouse1,2385,false,,1
warehouse1,2390,false,,1
warehouse1,2391,false,,1
warehouse1,2392,false,,1
warehouse1,2393,false,,1
warehouse1,2396,false,,1
warehouse1,2397,false,,1
warehouse1,2398,false,,1
warehouse1,2399,false,,1
warehouse1,2400,false,,1
warehouse1,2401,false,,1
warehouse1,2404,false,,1
warehouse1,2409,false,,1
warehouse1,2412,false,,1
warehouse1,2420,false,,1
warehouse1,2421,false,,1
warehouse1,2422,false,,1
warehouse1,2424,false,,1
warehouse1,2425,false,,1
warehouse1,2426,false,,1
warehouse1,2428,false,,1
warehouse1,2429,false,,1
warehouse1,2430,false,,1
warehouse1,2431,false,,1
warehouse1,2436,false,,1
warehouse1,2439,false,,1
warehouse1,2441,false,,1
warehouse1,2442,false,,1
warehouse1,2443,false,,1
warehouse1,2446,false,,1
warehouse1,2447,false,,1
warehouse1,2448,false,,1
warehouse1,2449,false,,1
warehouse1,2454,false,,1
warehouse1,2457,false,,1
warehouse1,2458,false,,1
warehouse1,2459,false,,1
warehouse1,2460,false,,1
warehouse1,2462,false,,1
warehouse1,2464,false,,1
warehouse1,2465,false,,1
warehouse1,2468,false,,1
warehouse1,2469,false,,1
warehouse1,2470,false,,1
warehouse1,2472,false,,1
warehouse1,2474,false,,1
warehouse1,2476,false,,1
warehouse1,2477,false,,1
warehouse1,2479,false,,1
warehouse1,2481,false,,1
warehouse1,2482,false,,1
warehouse1,2488,false,,1
warehouse1,2491,false,,1
warehouse1,2492,false,,1
warehouse1,2495,false,,1
warehouse1,2497,false,,1
warehouse1,2498,false,,1
warehouse1,2502,false,,1
warehouse1,2503,false,,1
warehouse1,2504,false,,1
warehouse1,2507,false,,1
warehouse1,2508,false,,1
warehouse1,2510,false,,1
warehouse1,2513,false,,1
warehouse1,2514,false,,1
warehouse1,2516,false,,1
warehouse1,2517,false,,1
warehouse1,2519,false,,1
warehouse1,2520,false,,1
warehouse1,2521,false,,1
warehouse1,2522,false,,1
warehouse1,2523,false,,1
warehouse1,2524,false,,1
warehouse1,2526,false,,1
warehouse1,2528,false,,1
warehouse1,2529,false,,1
warehouse1,2539,false,,1
warehouse1,2541,false,,1
warehouse1,2542,false,,1
warehouse1,2543,false,,1
warehouse1,2547,false,,1
warehouse1,2548,false,,1
warehouse1,2549,false,,1
warehouse1,2550,false,,1
warehouse1,2551,false,,1
warehouse1,2552,false,,1
warehouse1,2554,false,,1
warehouse1,2555,false,,1
warehouse1,2558,false,,1
warehouse1,2559,false,,1
warehouse1,2561,false,,1
warehouse1,2562,false,,1
warehouse1,2563,false,,1
warehouse1,2564,false,,1
warehouse1,2566,false,,1
warehouse1,2567,false,,1
warehouse1,2568,false,,1
warehouse1,2569,false,,1
warehouse1,2570,false,,1
warehouse1,2572,false,,1
warehouse1,2573,false,,1
warehouse1,2576,false,,1
warehouse1,2577,false,,1
warehouse1,2578,false,,1
warehouse1,2581,false,,1
warehouse1,2582,false,,1
warehouse1,2585,false,,1
warehouse1,2587,false,,1
warehouse1,2589,false,,1
warehouse1,2590,false,,1
warehouse1,2591,false,,1
warehouse1,2594,false,,1
warehouse1,2596,false,,1
warehouse1,2597,false,,1
warehouse1,2599,false,,1
warehouse1,2600,false,,1
warehouse1,2601,false,,1
warehouse1,2602,false,,1
warehouse1,2603,false,,1
warehouse1,2606,false,,1
warehouse1,2607,false,,1
warehouse1,2608,false,,1
warehouse1,2611,false,,1
warehouse1,2614,false,,1
warehouse1,2617,false,,1
warehouse1,2618,false,,1
warehouse1,2619,false,,1
warehouse1,2621,false,,1
warehouse1,2626,false,,1
warehouse1,2627,false,,1
warehouse1,2629,false,,1
warehouse1,2632,false,,1
warehouse1,2634,false,,1
warehouse1,2637,false,,1
warehouse1,2638,false,,1
warehouse1,2640,false,,1
warehouse1,2642,false,,1
warehouse1,2646,false,,1
warehouse1,2649,false,,1
warehouse1,2651,false,,1
warehouse1,2652,false,,1
warehouse1,2654,false,,1
warehouse1,2656,false,,1
warehouse1,2657,false,,1
warehouse1,2658,false,,1
warehouse1,2659,false,,1
warehouse1,2661,false,,1
warehouse1,2663,false,,1
warehouse1,2664,false,,1
warehouse1,2667,false,,1
warehouse1,2668,false,,1
warehouse1,2669,false,,1
warehouse1,2670,false,,1
warehouse1,2672,false,,1
warehouse1,2674,false,,1
warehouse1,2675,false,,1
warehouse1,2682,false,,1
warehouse1,2686,false,,1
warehouse1,2687,false,,1
warehouse1,2688,false,,1
warehouse1,2689,false,,1
warehouse1,2690,false,,1
warehouse1,2691,false,,1
warehouse1,2694,false,,1
warehouse1,2696,false,,1
warehouse1,2697,false,,1
warehouse1,2698,false,,1
warehouse1,2700,false,,1
warehouse1,2701,false,,1
warehouse1,2702,false,,1
warehouse1,2704,false,,1
warehouse1,2708,false,,1
warehouse1,2710,false,,1
warehouse1,2713,false,,1
warehouse1,2716,false,,1
warehouse1,2720,false,,1
warehouse1,2721,false,,1
warehouse1,2724,false,,1
warehouse1,2725,false,,1
warehouse1,2727,false,,1
warehouse1,2728,false,,1
warehouse1,2730,false,,1
warehouse1,2734,false,,1
warehouse1,2736,false,,1
warehouse1,2737,false,,1
warehouse1,2738,false,,1
warehouse1,2739,false,,1
warehouse1,2740,false,,1
warehouse1,2741,false,,1
warehouse1,2742,false,,1
warehouse1,2743,false,,1
warehouse1,2744,false,,1
warehouse1,2746,false,,1
warehouse1,2747,false,,1
warehouse1,2751,false,,1
warehouse1,2752,false,,1
warehouse1,2756,false,,1
warehouse1,2757,false,,1
warehouse1,2758,false,,1
warehouse1,2762,false,,1
warehouse1,2763,false,,1
warehouse1,2764,false,,1
warehouse1,2766,false,,1
warehouse1,2767,false,,1
warehouse1,2769,false,,1
warehouse1,2770,false,,1
warehouse1,2775,false,,1
warehouse1,2776,false,,1
warehouse1,2777,false,,1
warehouse1,2778,false,,1
warehouse1,2779,false,,1
warehouse1,2780,false,,1
warehouse1,2781,false,,1
warehouse1,2784,false,,1
warehouse1,2786,false,,1
warehouse1,2787,false,,1
warehouse1,2788,false,,1
warehouse1,2789,false,,1
warehouse1,2790,false,,1
warehouse1,2791,false,,1
warehouse1,2793,false,,1
warehouse1,2795,false,,1
warehouse1,2796,false,,1
warehouse1,2797,false,,1
warehouse1,2799,false,,1
warehouse1,2800,false,,1
warehouse1,2801,false,,1
warehouse1,2802,false,,1
warehouse1,2806,false,,1
warehouse1,2807,false,,1
warehouse1,2812,false,,1
warehouse1,2814,false,,1
warehouse1,2816,false,,1
warehouse1,2818,false,,1
warehouse1,2819,false,,1
warehouse1,2822,false,,1
warehouse1,2823,false,,1
warehouse1,2826,false,,1
warehouse1,2827,false,,1
warehouse1,2828,false,,1
warehouse1,2832,false,,1
warehouse1,2834,false,,1
warehouse1,2836,false,,1
warehouse1,2838,false,,1
warehouse1,2840,false,,1
warehouse1,2842,false,,1
warehouse1,2843,false,,1
warehouse1,2845,false,,1
warehouse1,2846,false,,1
warehouse1,2848,false,,1
warehouse1,2849,false,,1
warehouse1,2850,false,,1
warehouse1,2857,false,,1
warehouse1,2858,false,,1
warehouse1,2859,false,,1
warehouse1,2861,false,,1
warehouse1,2862,false,,1
warehouse1,2863,false,,1
warehouse1,2865,false,,1
warehouse1,2866,false,,1
warehouse1,2867,false,,1
warehouse1,2868,false,,1
warehouse1,2871,false,,1
warehouse1,2875,false,,1
warehouse1,2876,false,,1
warehouse1,2877,false,,1
warehouse1,2880,false,,1
warehouse1,2881,false,,1
warehouse1,2884,false,,1
warehouse1,2885,false,,1
warehouse1,2886,false,,1
warehouse1,2887,false,,1
warehouse1,2888,false,,1
warehouse1,2890,false,,1
warehouse1,2891,false,,1
warehouse1,2892,false,,1
warehouse1,2896,false,,1
warehouse1,2897,false,,1
warehouse1,2898,false,,1
warehouse1,2899,false,,1
warehouse1,2902,false,,1
warehouse1,2903,false,,1
warehouse1,2904,false,,1
warehouse1,2905,false,,1
warehouse1,2906,false,,1
warehouse1,2907,false,,1
warehouse1,2909,false,,1
warehouse1,2912,false,,1
warehouse1,2913,false,,1
warehouse1,2914,false,,1
warehouse1,2915,false,,1
warehouse1,2916,false,,1
warehouse1,2917,false,,1
warehouse1,2918,false,,1
warehouse1,2919,false,,1
warehouse1,2921,false,,1
warehouse1,2922,false,,1
warehouse1,2924,false,,1
warehouse1,2927,false,,1
warehouse1,2928,false,,1
warehouse1,2929,false,,1
warehouse1,2930,false,,1
warehouse1,2933,false,,1
warehouse1,2934,false,,1
warehouse1,2936,false,,1
warehouse1,2941,false,,1
warehouse1,2942,false,,1
warehouse1,2944,false,,1
warehouse1,2945,false,,1
warehouse1,2947,false,,1
warehouse1,2948,false,,1
warehouse1,2950,false,,1
warehouse1,2952,false,,1
warehouse1,2954,false,,1
warehouse1,2955,false,,1
warehouse1,2956,false,,1
warehouse1,2957,false,,1
warehouse1,2958,false,,1
warehouse1,2959,false,,1
warehouse1,2960,false,,1
warehouse1,2962,false,,1
warehouse1,2963,false,,1
warehouse1,2964,false,,1
warehouse1,2965,false,,1
warehouse1,2966,false,,1
warehouse1,2968,false,,1
warehouse1,2969,false,,1
warehouse1,2972,false,,1
warehouse1,2973,false,,1
warehouse1,2974,false,,1
warehouse1,2975,false,,1
warehouse1,2979,false,,1
warehouse1,2980,false,,1
warehouse1,2981,false,,1
warehouse1,2983,false,,1
warehouse1,2984,false,,1
warehouse1,2985,false,,1
warehouse1,2986,false,,1
warehouse1,2987,false,,1
warehouse1,2989,false,,1
warehouse1,2991,false,,1
warehouse1,2992,false,,1
warehouse1,2994,false,,1
warehouse1,2995,false,,1
warehouse1,2996,false,,1
warehouse1,2997,false,,1
warehouse1,3000,false,,1
warehouse1,3003,false,,1
warehouse1,3004,false,,1
warehouse1,3006,false,,1
warehouse1,3007,false,,1
warehouse1,3008,false,,1
warehouse1,3010,false,,1
warehouse1,3011,false,,1
warehouse1,3012,false,,1
warehouse1,3013,false,,1
warehouse1,3015,false,,1
warehouse1,3016,false,,1
warehouse1,3017,false,,1
warehouse1,3019,false,,1
warehouse1,3020,false,,1
warehouse1,3022,false,,1
warehouse1,3023,false,,1
warehouse1,3026,false,,1
warehouse1,3027,false,,1
warehouse1,3028,false,,1
warehouse1,3029,false,,1
warehouse1,3030,false,,1
warehouse1,3031,false,,1
warehouse1,3034,false,,1
warehouse1,3036,false,,1
warehouse1,3038,false,,1
warehouse1,3039,false,,1
warehouse1,3041,false,,1
warehouse1,3042,false,,1
warehouse1,3044,false,,1
warehouse1,3045,false,,1
warehouse1,3047,false,,1
warehouse1,3048,false,,1
warehouse1,3050,false,,1
warehouse1,3051,false,,1
warehouse1,3052,false,,1
warehouse1,3053,false,,1
warehouse1,3054,false,,1
warehouse1,3055,false,,1
warehouse1,3057,false,,1
warehouse1,3058,false,,1
warehouse1,3059,false,,1
warehouse1,3060,false,,1
warehouse1,3061,false,,1
warehouse1,3062,false,,1
warehouse1,3065,false,,1
warehouse1,3068,false,,1
warehouse1,3070,false,,1
warehouse1,3071,false,,1
warehouse1,3072,false,,1
warehouse1,3073,false,,1
warehouse1,3074,false,,1
warehouse1,3075,false,,1
warehouse1,3076,false,,1
warehouse1,3077,false,,1
warehouse1,3078,false,,1
warehouse1,3079,false,,1
warehouse1,3080,false,,1
warehouse1,3081,false,,1
warehouse1,3084,false,,1
warehouse1,3085,false,,1
warehouse1,3086,false,,1
warehouse1,3088,false,,1
warehouse1,3089,false,,1
warehouse1,3091,false,,1
warehouse1,3092,false,,1
warehouse1,3093,false,,1
warehouse1,3094,false,,1
warehouse1,3095,false,,1
warehouse1,3096,false,,1
warehouse1,3098,false,,1
warehouse1,3099,false,,1
warehouse1,3100,false,,1
warehouse1,3101,false,,1
warehouse1,3102,false,,1
warehouse1,3104,false,,1
warehouse1,3105,false,,1
warehouse1,3106,false,,1
warehouse1,3107,false,,1
warehouse1,3108,false,,1
warehouse1,3110,false,,1
warehouse1,3111,false,,1
warehouse1,3112,false,,1
warehouse1,3113,false,,1
warehouse1,3114,false,,1
warehouse1,3115,false,,1
warehouse1,3116,false,,1
warehouse1,3118,false,,1
warehouse1,3120,false,,1
warehouse1,3122,false,,1
warehouse1,3123,false,,1
warehouse1,3124,false,,1
warehouse1,3126,false,,1
warehouse1,3127,false,,1
warehouse1,3128,false,,1
warehouse1,3129,false,,1
warehouse1,3130,false,,1
warehouse1,3131,false,,1
warehouse1,3132,false,,1
warehouse1,3134,false,,1
warehouse1,3135,false,,1
warehouse1,3139,false,,1
warehouse1,3140,false,,1
warehouse1,3142,false,,1
warehouse1,3144,false,,1
warehouse1,3145,false,,1
warehouse1,3146,false,,1
warehouse1,3147,false,,1
warehouse1,3148,false,,1
warehouse1,3149,false,,1
warehouse1,3150,false,,1
warehouse1,3151,false,,1
warehouse1,3153,false,,1
warehouse1,3154,false,,1
warehouse1,3155,false,,1
warehouse1,3159,false,,1
warehouse1,3160,false,,1
warehouse1,3161,false,,1
warehouse1,3162,false,,1
warehouse1,3163,false,,1
warehouse1,3164,false,,1
warehouse1,3165,false,,1
warehouse1,3166,false,,1
warehouse1,3170,false,,1
warehouse1,3171,false,,1
warehouse1,3174,false,,1
warehouse1,3177,false,,1
warehouse1,3178,false,,1
warehouse1,3180,false,,1
warehouse1,3181,false,,1
warehouse1,3182,false,,1
warehouse1,3184,false,,1
warehouse1,3185,false,,1
warehouse1,3186,false,,1
warehouse1,3187,false,,1
warehouse1,3188,false,,1
warehouse1,3189,false,,1
warehouse1,3190,false,,1
warehouse1,3191,false,,1
warehouse1,3193,false,,1
warehouse1,3194,false,,1
warehouse1,3195,false,,1
warehouse1,3196,false,,1
warehouse1,3197,false,,1
warehouse1,3198,false,,1
warehouse1,3200,false,,1
warehouse1,3201,false,,1
warehouse1,3203,false,,1
warehouse1,3204,false,,1
warehouse1,3205,false,,1
warehouse1,3209,false,,1
warehouse1,3210,false,,1
warehouse1,3211,false,,1
warehouse1,3212,false,,1
warehouse1,3213,false,,1
warehouse1,3214,false,,1
warehouse1,3215,false,,1
warehouse1,3216,false,,1
warehouse1,3217,false,,1
